All weights loaded
Background peak sets loaded
SC consensus peaks: 911860 
Bulk consensus peaks: 151398 

=== Factor 1 ===
4view_factor1_opalin - positive - input peaks: 500 
4view_factor1_opalin - positive - significant terms: 0 
4view_factor1_opalin - negative - input peaks: 500 
4view_factor1_opalin - negative - significant terms: 0 
 [1] id                    description           genome_fraction      
 [4] observed_region_hits  fold_enrichment       p_value              
 [7] p_adjust              mean_tss_dist         observed_gene_hits   
[10] gene_set_size         fold_enrichment_hyper p_value_hyper        
[13] p_adjust_hyper       
<0 rows> (or 0-length row.names)
4view_factor1_plekhg1 - positive - input peaks: 318 
4view_factor1_plekhg1 - positive - significant terms: 0 
4view_factor1_plekhg1 - negative - input peaks: 500 
4view_factor1_plekhg1 - negative - significant terms: 0 
 [1] id                    description           genome_fraction      
 [4] observed_region_hits  fold_enrichment       p_value              
 [7] p_adjust              mean_tss_dist         observed_gene_hits   
[10] gene_set_size         fold_enrichment_hyper p_value_hyper        
[13] p_adjust_hyper       
<0 rows> (or 0-length row.names)
4view_factor1_opc - positive - input peaks: 500 
4view_factor1_opc - positive - significant terms: 0 
4view_factor1_opc - negative - input peaks: 500 
4view_factor1_opc - negative - significant terms: 98 
            id
1   GO:0050864
2   GO:0014905
3   GO:0071374
4   GO:1905563
5   GO:0030890
6   GO:0071107
7   GO:0003211
8   GO:2000109
9   GO:0050871
10  GO:0048643
11  GO:0045844
12  GO:0048636
13  GO:1901863
14  GO:0003207
15  GO:0031099
16  GO:2000727
17  GO:0030888
18  GO:0098989
19  GO:2001013
20  GO:0033034
21  GO:0098990
22  GO:0072236
23  GO:0002634
24  GO:0048641
25  GO:0050931
26  GO:0071888
27  GO:0014902
28  GO:0071236
29  GO:0021869
30  GO:0030318
31  GO:0006959
32  GO:0071498
33  GO:2000987
34  GO:0043067
35  GO:1905562
36  GO:2000725
37  GO:0033032
38  GO:1903367
39  GO:0012501
40  GO:1905209
41  GO:0008219
42  GO:0034405
43  GO:0014908
44  GO:0101023
45  GO:0002931
46  GO:0030220
47  GO:0006915
48  GO:0036344
49  GO:0071878
50  GO:2001016
51  GO:0042092
52  GO:0051249
53  GO:0016202
54  GO:0002467
55  GO:1901861
56  GO:0048634
57  GO:0048066
58  GO:0061462
59  GO:0033028
60  GO:1904705
61  GO:1990874
62  GO:0002822
63  GO:0048662
64  GO:0042693
65  GO:2000822
66  GO:0043537
67  GO:1903365
69  GO:0042981
70  GO:1904753
71  GO:0042100
72  GO:1904706
73  GO:0072160
74  GO:0001709
75  GO:0002694
77  GO:0045652
80  GO:0021846
81  GO:0106072
83  GO:0007040
84  GO:0080171
85  GO:0097212
86  GO:0002819
87  GO:0003139
88  GO:0072665
90  GO:0072102
91  GO:0002062
92  GO:0086001
93  GO:0060045
95  GO:0042113
96  GO:1905207
97  GO:0098900
98  GO:0048520
99  GO:0072080
100 GO:0043068
101 GO:0043524
102 GO:2001014
103 GO:0042246
104 GO:0098901
105 GO:0006337
                                                                                                                                description
1                                                                                                           regulation of B cell activation
2                                                                                  myoblast fusion involved in skeletal muscle regeneration
3                                                                                         cellular response to parathyroid hormone stimulus
4                                                                            negative regulation of vascular endothelial cell proliferation
5                                                                                               positive regulation of B cell proliferation
6                                                                                                           response to parathyroid hormone
7                                                                                                               cardiac ventricle formation
8                                                                                                regulation of macrophage apoptotic process
9                                                                                                  positive regulation of B cell activation
10                                                                                positive regulation of skeletal muscle tissue development
11                                                                                positive regulation of striated muscle tissue development
12                                                                                          positive regulation of muscle organ development
13                                                                                         positive regulation of muscle tissue development
14                                                                                                                cardiac chamber formation
15                                                                                                                             regeneration
16                                                                               positive regulation of cardiac muscle cell differentiation
17                                                                                                       regulation of B cell proliferation
18                                                                                      NMDA selective glutamate receptor signaling pathway
19                                                                     epithelial cell proliferation involved in renal tubule morphogenesis
20                                                                                    positive regulation of myeloid cell apoptotic process
21                                                                                      AMPA selective glutamate receptor signaling pathway
22                                                                                                    metanephric loop of Henle development
23                                                                                                  regulation of germinal center formation
24                                                                                         regulation of skeletal muscle tissue development
25                                                                                                             pigment cell differentiation
26                                                                                                             macrophage apoptotic process
27                                                                                                                  myotube differentiation
28                                                                                                          cellular response to antibiotic
29                                                                                      forebrain ventricular zone progenitor cell division
30                                                                                                               melanocyte differentiation
31                                                                                                                  humoral immune response
32                                                                                                  cellular response to fluid shear stress
33                                                                                          positive regulation of behavioral fear response
34                                                                                                      regulation of programmed cell death
35                                                                                    regulation of vascular endothelial cell proliferation
36                                                                                        regulation of cardiac muscle cell differentiation
37                                                                                             regulation of myeloid cell apoptotic process
38                                                                                                     positive regulation of fear response
39                                                                                                                    programmed cell death
40                                                                                        positive regulation of cardiocyte differentiation
41                                                                                                                               cell death
42                                                                                                           response to fluid shear stress
43                                                                         myotube differentiation involved in skeletal muscle regeneration
44                                                                                                  vascular endothelial cell proliferation
45                                                                                                                     response to ischemia
46                                                                                                                       platelet formation
47                                                                                                                        apoptotic process
48                                                                                                                   platelet morphogenesis
49                                                negative regulation of adenylate cyclase-activating adrenergic receptor signaling pathway
50                                                                              positive regulation of skeletal muscle cell differentiation
51                                                                                                                   type 2 immune response
52                                                                                                      regulation of lymphocyte activation
53                                                                                         regulation of striated muscle tissue development
54                                                                                                                germinal center formation
55                                                                                                  regulation of muscle tissue development
56                                                                                                   regulation of muscle organ development
57                                                                                                               developmental pigmentation
58                                                                                                         protein localization to lysosome
59                                                                                                           myeloid cell apoptotic process
60                                                                       regulation of vascular associated smooth muscle cell proliferation
61                                                                                     vascular associated smooth muscle cell proliferation
62  regulation of adaptive immune response based on somatic recombination of immune receptors built from immunoglobulin superfamily domains
63                                                                                  negative regulation of smooth muscle cell proliferation
64                                                                                                              muscle cell fate commitment
65                                                                                                   regulation of behavioral fear response
66                                                                           negative regulation of blood vessel endothelial cell migration
67                                                                                                              regulation of fear response
69                                                                                                          regulation of apoptotic process
70                                                                  negative regulation of vascular associated smooth muscle cell migration
71                                                                                                                     B cell proliferation
72                                                              negative regulation of vascular associated smooth muscle cell proliferation
73                                                                                           nephron tubule epithelial cell differentiation
74                                                                                                                  cell fate determination
75                                                                                                       regulation of leukocyte activation
77                                                                                              regulation of megakaryocyte differentiation
80                                                                                                          cell proliferation in forebrain
81                                         negative regulation of adenylate cyclase-activating G protein-coupled receptor signaling pathway
83                                                                                                                    lysosome organization
84                                                                                                               lytic vacuole organization
85                                                                                                          lysosomal membrane organization
86                                                                                                   regulation of adaptive immune response
87                                                                                                      secondary heart field specification
88                                                                                                          protein localization to vacuole
90                                                                                                                 glomerulus morphogenesis
91                                                                                                              chondrocyte differentiation
92                                                                                                     cardiac muscle cell action potential
93                                                                                 positive regulation of cardiac muscle cell proliferation
95                                                                                                                        B cell activation
96                                                                                                 regulation of cardiocyte differentiation
97                                                                                                           regulation of action potential
98                                                                                                          positive regulation of behavior
99                                                                                                               nephron tubule development
100                                                                                            positive regulation of programmed cell death
101                                                                                         negative regulation of neuron apoptotic process
102                                                                                      regulation of skeletal muscle cell differentiation
103                                                                                                                     tissue regeneration
104                                                                                      regulation of cardiac muscle cell action potential
105                                                                                                                  nucleosome disassembly
    genome_fraction observed_region_hits fold_enrichment      p_value
1      0.0150260719                   24        3.194448 9.994130e-07
2      0.0003833441                    5       26.086227 1.804560e-06
3      0.0011359185                    7       12.324828 2.225399e-06
4      0.0008690324                    6       13.808461 6.286148e-06
5      0.0056493212                   13        4.602323 7.864459e-06
6      0.0014494601                    7        9.658769 1.071917e-05
7      0.0009687221                    6       12.387453 1.156569e-05
8      0.0009794329                    6       12.251988 1.229902e-05
9      0.0089496843                   16        3.575545 1.671618e-05
10     0.0028353680                    9        6.348382 1.705449e-05
11     0.0035851874                   10        5.578509 1.761988e-05
12     0.0035851874                   10        5.578509 1.761988e-05
13     0.0035851874                   10        5.578509 1.761988e-05
14     0.0016118761                    7        8.685531 2.103337e-05
15     0.0244616052                   29        2.371063 2.375999e-05
16     0.0011263524                    6       10.653860 2.674780e-05
17     0.0074038370                   14        3.781823 3.067706e-05
18     0.0023801545                    8        6.722253 3.351276e-05
19     0.0011970825                    6       10.024371 3.742027e-05
20     0.0012426055                    6        9.657128 4.592789e-05
21     0.0018285097                    7        7.656509 4.635890e-05
22     0.0007659880                    5       13.055035 4.913950e-05
23     0.0012656026                    6        9.481649 5.077812e-05
24     0.0033901761                    9        5.309459 6.687022e-05
25     0.0060443063                   12        3.970679 7.092153e-05
26     0.0013484839                    6        8.898883 7.176191e-05
27     0.0183491965                   23        2.506922 7.301091e-05
28     0.0014217321                    6        8.440409 9.559041e-05
29     0.0020786503                    7        6.735140 1.022484e-04
30     0.0053595036                   11        4.104858 1.056091e-04
31     0.0139444701                   19        2.725095 1.072874e-04
32     0.0044962502                   10        4.448151 1.136380e-04
33     0.0014902615                    6        8.052278 1.232073e-04
34     0.1602562185                  112        1.397762 1.236824e-04
35     0.0028938921                    8        5.528886 1.282261e-04
36     0.0021600283                    7        6.481397 1.292316e-04
37     0.0037056226                    9        4.857483 1.298193e-04
38     0.0015202773                    6        7.893297 1.371354e-04
39     0.2070093699                  138        1.333273 1.411415e-04
40     0.0015342825                    6        7.821245 1.440465e-04
41     0.2072753992                  138        1.331562 1.496994e-04
42     0.0066602316                   12        3.603478 1.729004e-04
43     0.0010218501                    5        9.786171 1.870196e-04
44     0.0030734712                    8        5.205840 1.921209e-04
45     0.0067750189                   12        3.542426 2.017226e-04
46     0.0023273438                    7        6.015441 2.029061e-04
47     0.2014913338                  134        1.330082 2.048010e-04
48     0.0023482526                    7        5.961880 2.141059e-04
49     0.0017010800                    6        7.054342 2.495579e-04
50     0.0017197879                    6        6.977605 2.644129e-04
51     0.0040854232                    9        4.405908 2.648710e-04
52     0.0563285841                   48        1.704286 2.711747e-04
53     0.0050255633                   10        3.979653 2.742545e-04
54     0.0017740859                    6        6.764047 3.114916e-04
55     0.0051535526                   10        3.880818 3.334691e-04
56     0.0051609876                   10        3.875227 3.372131e-04
57     0.0072164668                   12        3.325727 3.538549e-04
58     0.0083127686                   13        3.127718 3.634218e-04
59     0.0042865844                    9        4.199147 3.741026e-04
60     0.0083459088                   13        3.115299 3.771180e-04
61     0.0083757103                   13        3.104214 3.898070e-04
62     0.0170627963                   20        2.344282 4.911460e-04
63     0.0065105464                   11        3.379133 5.406290e-04
64     0.0019987877                    6        6.003639 5.801677e-04
65     0.0020320537                    6        5.905356 6.317640e-04
66     0.0046471000                    9        3.873383 6.618826e-04
67     0.0020620695                    6        5.819397 6.813065e-04
69     0.1554244644                  105        1.351139 7.235898e-04
70     0.0021013823                    6        5.710527 7.506813e-04
71     0.0102238771                   14        2.738687 7.975957e-04
72     0.0029662301                    7        4.719796 8.455614e-04
73     0.0021556870                    6        5.566671 8.553414e-04
74     0.0069535070                   11        3.163871 9.180396e-04
75     0.0628602348                   50        1.590831 9.291425e-04
77     0.0022008097                    6        5.452539 9.505641e-04
80     0.0060864679                   10        3.285978 1.171697e-03
81     0.0031530300                    7        4.440173 1.198246e-03
83     0.0106988815                   14        2.617096 1.219314e-03
84     0.0106988815                   14        2.617096 1.219314e-03
85     0.0023186572                    6        5.175409 1.237846e-03
86     0.0184427886                   20        2.168869 1.247082e-03
87     0.0023618241                    6        5.080819 1.358185e-03
88     0.0121108092                   15        2.477126 1.415486e-03
90     0.0024021021                    6        4.995625 1.478333e-03
91     0.0214799483                   22        2.048422 1.490696e-03
92     0.0160641146                   18        2.241020 1.509146e-03
93     0.0052429907                    9        3.433155 1.515326e-03
95     0.0316403977                   29        1.833100 1.559655e-03
96     0.0033328126                    7        4.200656 1.637568e-03
97     0.0123836203                   15        2.422555 1.750670e-03
98     0.0064599459                   10        3.096001 1.806673e-03
99     0.0137289703                   16        2.330838 1.836725e-03
100    0.0666654507                   51        1.530028 1.874915e-03
101    0.0205585001                   21        2.042951 1.950355e-03
102    0.0025401087                    6        4.724207 1.952170e-03
103    0.0113266380                   14        2.472049 2.049667e-03
104    0.0065763610                   10        3.041196 2.053414e-03
105    0.0017698851                    5        5.650084 2.152062e-03
       p_adjust mean_tss_dist observed_gene_hits gene_set_size
1   0.001615640        202174                 14           128
2   0.001615640         31394                  2             5
3   0.001615640        318573                  2            10
4   0.002952007        371390                  1             5
5   0.002952007        241993                  8            45
6   0.002952007        318573                  2            14
7   0.002952007        371390                  1             8
8   0.002952007        371390                  1             7
9   0.002952007        216143                 10            84
10  0.002952007        365583                  3            17
11  0.002952007        329372                  4            20
12  0.002952007        329372                  4            20
13  0.002952007        329372                  4            20
14  0.003272192        409305                  2            12
15  0.003449950        108509                 19           181
16  0.003641044        371390                  1             8
17  0.003930272        242088                  9            63
18  0.004055044        279636                  3             7
19  0.004289545        371390                  1             5
20  0.004808081        371390                  1             9
21  0.004808081        319370                  2             5
22  0.004808467        251896                  2             5
23  0.004808467        371390                  1             8
24  0.005889547        365583                  3            23
25  0.005889547        319728                  7            33
26  0.005889547        371390                  1            10
27  0.005889547        182003                 13           127
28  0.007435569        371390                  1            11
29  0.007537802        186804                  3             6
30  0.007537802        348780                  6            22
31  0.007537802        183773                 12           239
32  0.007641794        239599                  5            30
33  0.007641794        371390                  1             7
34  0.007641794        168105                 92          1381
35  0.007641794        288534                  2            25
36  0.007641794        409305                  2            15
37  0.007641794        418823                  4            29
38  0.007843333        371390                  1             8
39  0.007843333        167750                114          1836
40  0.007843333        371390                  1            12
41  0.007952322        167750                114          1840
42  0.008966123        236979                  6            40
43  0.009472762         31394                  2             9
44  0.009490567        288534                  2            26
45  0.009490567        297877                  4            59
46  0.009490567        341703                  2            24
47  0.009490567        169957                110          1772
48  0.009715054        341703                  2            25
49  0.011092592        241130                  3             5
50  0.011270309        371390                  1             8
51  0.011270309        148940                  7            41
52  0.011270309        197958                 36           479
53  0.011270309        329372                  4            37
54  0.012563496        371390                  1            14
55  0.013115180        329372                  4            39
56  0.013115180        329372                  4            41
57  0.013520982        319728                  7            44
58  0.013647114        105219                  9            68
59  0.013689385        418823                  4            36
60  0.013689385        178986                  7            58
61  0.013918026        178986                  7            60
62  0.017253484        250111                 12           186
63  0.018690318        300453                  5            47
64  0.019743832        371390                  1            16
65  0.021168953        371390                  1            11
66  0.021842126        248140                  4            35
67  0.022147547        371390                  1            12
69  0.023176155        174186                 87          1336
70  0.023695418        371390                  1            10
71  0.024816621        242088                  9            87
72  0.025874079        318530                  2            23
73  0.025874079        371390                  1            13
74  0.027346924        225352                  4            38
75  0.027346924        192398                 38           542
77  0.027604380        371390                  1            35
80  0.033532651        167849                  5            28
81  0.033532651        213010                  4            13
83  0.033532651        193006                  9           112
84  0.033532651        193006                  9           112
85  0.033532651        182541                  2            14
86  0.033532651        239658                 13           198
87  0.036074726        371390                  1            11
88  0.037143714        113760                 11           102
90  0.037935408        371390                  1             9
91  0.037935408        255970                 12           115
92  0.037935408        195592                 11            80
93  0.037935408        257727                  3            25
95  0.038601467        183882                 19           273
96  0.040074415        409305                  2            23
97  0.042366217        213606                  8            57
98  0.043241040        303603                  3            27
99  0.043482477        313179                  8            91
100 0.043909306        208991                 42           511
101 0.044756077        207648                 12           167
102 0.044756077        371390                  1            21
103 0.046106556         94080                  8            80
104 0.046106556        245387                  5            28
105 0.047828490        535274                  2            19
    fold_enrichment_hyper p_value_hyper p_adjust_hyper
1               2.7389450  5.985575e-04   1.077404e-02
2              10.0167131  1.469427e-02   7.573602e-02
3               5.0083565  5.793429e-02   1.752512e-01
4               5.0083565  1.843627e-01   3.450538e-01
5               4.4518725  3.614979e-04   8.034107e-03
6               3.5773975  1.055767e-01   2.464588e-01
7               3.1302228  2.782559e-01   4.383612e-01
8               3.5773975  2.482233e-01   4.129634e-01
9               2.9811646  1.858606e-03   2.213157e-02
10              4.4191381  2.838871e-02   1.145011e-01
11              5.0083565  7.329888e-03   4.867224e-02
12              5.0083565  7.329888e-03   4.867224e-02
13              5.0083565  7.329888e-03   4.867224e-02
14              4.1736305  8.064647e-02   2.111154e-01
15              2.6286954  1.187686e-04   3.813265e-03
16              3.1302228  2.782559e-01   4.383612e-01
17              3.5773975  8.425373e-04   1.329744e-02
18             10.7321926  1.967348e-03   2.255203e-02
19              5.0083565  1.843627e-01   3.450538e-01
20              2.7824203  3.070903e-01   4.635084e-01
21             10.0167131  1.469427e-02   7.573602e-02
22             10.0167131  1.469427e-02   7.573602e-02
23              3.1302228  2.782559e-01   4.383612e-01
24              3.2663195  6.204977e-02   1.816457e-01
25              5.3118933  2.708634e-04   6.648813e-03
26              2.5041783  3.347743e-01   4.893546e-01
27              2.5633321  1.708490e-03   2.132630e-02
28              2.2765257  3.613537e-01   5.103945e-01
29             12.5208914  1.158549e-03   1.660079e-02
30              6.8295771  1.711397e-04   4.778747e-03
31              1.2573280  2.484017e-01   4.129634e-01
32              4.1736305  6.224567e-03   4.496797e-02
33              3.5773975  2.482233e-01   4.129634e-01
34              1.6682433  7.181591e-07   6.800654e-05
35              2.0033426  2.635527e-01   4.251984e-01
36              3.3389044  1.187194e-01   2.656267e-01
37              3.4540390  2.709613e-02   1.113498e-01
38              3.1302228  2.782559e-01   4.383612e-01
39              1.5548819  1.023117e-06   8.253147e-05
40              2.0868152  3.868725e-01   5.309442e-01
41              1.5515018  1.138538e-06   8.550811e-05
42              3.7562674  4.782739e-03   3.803709e-02
43              5.5648406  4.758047e-02   1.558311e-01
44              1.9262910  2.785546e-01   4.383612e-01
45              1.6977480  2.091371e-01   3.761359e-01
46              2.0868152  2.485528e-01   4.129634e-01
47              1.5545125  1.659060e-06   1.165623e-04
48              2.0033426  2.635527e-01   4.251984e-01
49             15.0250696  5.970115e-04   1.077404e-02
50              3.1302228  2.782559e-01   4.383612e-01
51              4.2754263  1.080606e-03   1.569041e-02
52              1.8820547  2.187251e-04   5.809552e-03
53              2.7072198  5.883298e-02   1.767424e-01
54              1.7886988  4.348959e-01   5.695750e-01
55              2.5683880  6.891172e-02   1.929810e-01
56              2.4431008  7.981766e-02   2.099551e-01
57              3.9839200  1.660834e-03   2.115378e-02
58              3.3143536  1.470049e-03   1.950192e-02
59              2.7824203  5.411067e-02   1.662343e-01
60              3.0222841  8.063765e-03   5.227047e-02
61              2.9215413  9.675210e-03   5.869807e-02
62              1.6155989  6.993811e-02   1.950387e-01
63              2.6640194  3.860462e-02   1.374122e-01
64              1.5651114  4.791626e-01   6.060489e-01
65              2.2765257  3.613537e-01   5.103945e-01
66              2.8619180  4.960251e-02   1.588739e-01
67              2.0868152  3.868725e-01   5.309442e-01
69              1.6307149  3.730816e-06   2.269125e-04
70              2.5041783  3.347743e-01   4.893546e-01
71              2.5905292  7.847559e-03   5.132728e-02
72              2.1775463  2.335808e-01   3.996379e-01
73              1.9262910  4.113731e-01   5.483296e-01
74              2.6359771  6.376747e-02   1.851807e-01
75              1.7556969  5.772372e-04   1.056490e-02
77              0.7154795  7.601436e-01   8.378506e-01
80              4.4717469  4.583883e-03   3.711411e-02
81              7.7051639  1.350916e-03   1.838935e-02
83              2.0122861  3.530227e-02   1.308391e-01
84              2.0122861  3.530227e-02   1.308391e-01
85              3.5773975  1.055767e-01   2.464588e-01
86              1.6441575  5.460396e-02   1.675034e-01
87              2.2765257  3.613537e-01   5.103945e-01
88              2.7005844  2.504279e-03   2.647728e-02
90              2.7824203  3.070903e-01   4.635084e-01
91              2.6130556  2.154841e-03   2.384914e-02
92              3.4432451  3.246163e-04   7.442256e-03
93              3.0050139  7.605337e-02   2.039954e-01
95              1.7428347  1.373199e-02   7.330458e-02
96              2.1775463  2.335808e-01   3.996379e-01
97              3.5146362  1.820281e-03   2.204379e-02
98              2.7824203  9.130787e-02   2.275543e-01
99              2.2014754  2.893692e-02   1.159929e-01
100             2.0582287  8.200740e-06   4.252669e-04
101             1.7994095  3.585240e-02   1.314588e-01
102             1.1924658  5.752643e-01   6.888961e-01
103             2.5041783  1.438868e-02   7.551459e-02
104             4.4717469  4.583883e-03   3.711411e-02
105             2.6359771  1.745727e-01   3.370740e-01
4view_factor1_bulk - positive - input peaks: 500 
4view_factor1_bulk - positive - significant terms: 40 
4view_factor1_bulk - negative - input peaks: 500 
4view_factor1_bulk - negative - significant terms: 189 
            id
1   GO:0002249
2   GO:0002667
3   GO:0002870
4   GO:0002911
5   GO:0002664
6   GO:0002517
7   GO:0035988
8   GO:0002643
9   GO:0014909
10  GO:0006682
11  GO:0019375
12  GO:0006681
13  GO:0019374
14  GO:0014812
15  GO:0051930
16  GO:0051931
17  GO:0010623
18  GO:0090027
19  GO:0046476
20  GO:0030202
21  GO:0002507
22  GO:0090025
23  GO:0002689
24  GO:0032847
25  GO:0032288
26  GO:0006935
27  GO:0042330
28  GO:0014041
29  GO:0055013
30  GO:0010927
31  GO:0032989
32  GO:0051452
33  GO:0014911
34  GO:0051153
35  GO:2000394
36  GO:0036037
37  GO:0031645
38  GO:0009101
39  GO:0030149
40  GO:0010830
41  GO:1903431
42  GO:0030913
43  GO:0090136
44  GO:0048165
45  GO:0051147
48  GO:0006677
49  GO:0002548
50  GO:2000672
51  GO:0033627
52  GO:1904180
53  GO:0055002
54  GO:0030210
55  GO:0010559
56  GO:0055006
57  GO:0046666
58  GO:0001502
59  GO:0071674
60  GO:0035767
61  GO:0060326
62  GO:0051149
63  GO:0009100
64  GO:0051155
65  GO:0002326
66  GO:1903018
67  GO:0098743
68  GO:0014031
69  GO:1903429
70  GO:0015012
71  GO:0031069
72  GO:0006665
73  GO:0031290
74  GO:0035265
75  GO:0046466
76  GO:0010523
77  GO:0048730
78  GO:0002903
81  GO:0014910
83  GO:0007272
84  GO:0008366
85  GO:0035051
87  GO:0048743
88  GO:0043268
89  GO:0035902
90  GO:1902043
91  GO:2000392
92  GO:0035269
93  GO:0002902
94  GO:0022605
95  GO:0048742
96  GO:0070102
97  GO:0055080
98  GO:0060218
99  GO:0006885
100 GO:0042552
101 GO:0071676
102 GO:0048589
104 GO:0051902
105 GO:0030595
106 GO:0051453
111 GO:0060419
112 GO:1990791
113 GO:0045747
114 GO:0055001
115 GO:0014706
117 GO:2000671
118 GO:0008625
119 GO:0009888
120 GO:0044546
121 GO:0050801
122 GO:2001238
123 GO:0055007
124 GO:0034638
125 GO:0045636
126 GO:0021548
127 GO:2001236
128 GO:0001547
129 GO:0030308
130 GO:0006582
131 GO:0046512
132 GO:0046520
133 GO:0061484
134 GO:0050922
135 GO:0030148
136 GO:0030641
137 GO:0099612
138 GO:0002686
139 GO:1902166
140 GO:0043374
141 GO:0045634
142 GO:0050942
143 GO:1901381
144 GO:0038007
145 GO:0035754
150 GO:0045778
151 GO:1902165
152 GO:0070059
153 GO:0048087
154 GO:0006959
155 GO:0010039
156 GO:0061061
157 GO:0051216
158 GO:0040014
159 GO:0050932
160 GO:0040011
161 GO:0007204
162 GO:0001783
163 GO:0030201
164 GO:0001541
166 GO:1902993
168 GO:0030318
169 GO:0001501
170 GO:0060537
172 GO:0003298
173 GO:0003301
174 GO:0061049
175 GO:0097529
177 GO:0006493
178 GO:0033564
179 GO:0006643
180 GO:0008206
181 GO:0055074
182 GO:0061548
183 GO:0006670
184 GO:0021782
186 GO:0019233
188 GO:0048738
189 GO:2000669
190 GO:0098773
191 GO:1990166
192 GO:0042551
193 GO:2000243
194 GO:0031644
195 GO:0051146
196 GO:1901223
197 GO:0007219
198 GO:0042311
199 GO:0007422
200 GO:0045844
201 GO:0048636
202 GO:1901863
203 GO:1902905
204 GO:0043604
206 GO:0040012
207 GO:0042692
210 GO:1902254
211 GO:0045214
212 GO:0072673
213 GO:0030278
214 GO:0061643
                                                                                                     description
1                                                                                              lymphocyte anergy
2                                                                                    regulation of T cell anergy
3                                                                                                  T cell anergy
4                                                                                regulation of lymphocyte anergy
5                                                                       regulation of T cell tolerance induction
6                                                                                     T cell tolerance induction
7                                                                                      chondrocyte proliferation
8                                                                              regulation of tolerance induction
9                                                                                   smooth muscle cell migration
10                                                                       galactosylceramide biosynthetic process
11                                                                             galactolipid biosynthetic process
12                                                                          galactosylceramide metabolic process
13                                                                                galactolipid metabolic process
14                                                                                         muscle cell migration
15                                                                      regulation of sensory perception of pain
16                                                                              regulation of sensory perception
17                                                            programmed cell death involved in cell development
18                                                                    negative regulation of monocyte chemotaxis
19                                                                         glycosylceramide biosynthetic process
20                                                                        heparin proteoglycan metabolic process
21                                                                                           tolerance induction
22                                                                             regulation of monocyte chemotaxis
23                                                                   negative regulation of leukocyte chemotaxis
24                                                                           regulation of cellular pH reduction
25                                                                                               myelin assembly
26                                                                                                    chemotaxis
27                                                                                                         taxis
28                                                                               regulation of neuron maturation
29                                                                               cardiac muscle cell development
30                                                         cellular component assembly involved in morphogenesis
31                                                                      cellular anatomical entity morphogenesis
32                                                                                    intracellular pH reduction
33                                                           positive regulation of smooth muscle cell migration
34                                                            regulation of striated muscle cell differentiation
35                                                            positive regulation of lamellipodium morphogenesis
36                                                                    CD8-positive, alpha-beta T cell activation
37                                                                 negative regulation of nervous system process
38                                                                             glycoprotein biosynthetic process
39                                                                                sphingolipid catabolic process
40                                                                         regulation of myotube differentiation
41                                                                        positive regulation of cell maturation
42                                                                                   paranodal junction assembly
43                                                                                 epithelial cell-cell adhesion
44                                                                                            fused antrum stage
45                                                                     regulation of muscle cell differentiation
48                                                                            glycosylceramide metabolic process
49                                                                                           monocyte chemotaxis
50                                                         negative regulation of motor neuron apoptotic process
51                                                                            cell adhesion mediated by integrin
52                                                                negative regulation of membrane depolarization
53                                                                              striated muscle cell development
54                                                                     heparin proteoglycan biosynthetic process
55                                                               regulation of glycoprotein biosynthetic process
56                                                                                      cardiac cell development
57                                                                            retinal cell programmed cell death
58                                                                                        cartilage condensation
59                                                                                    mononuclear cell migration
60                                                                                   endothelial cell chemotaxis
61                                                                                               cell chemotaxis
62                                                            positive regulation of muscle cell differentiation
63                                                                                glycoprotein metabolic process
64                                                   positive regulation of striated muscle cell differentiation
65                                                                                     B cell lineage commitment
66                                                                  regulation of glycoprotein metabolic process
67                                                                                              cell aggregation
68                                                                                  mesenchymal cell development
69                                                                                 regulation of cell maturation
70                                                             heparan sulfate proteoglycan biosynthetic process
71                                                                                   hair follicle morphogenesis
72                                                                                sphingolipid metabolic process
73                                                                           retinal ganglion cell axon guidance
74                                                                                                  organ growth
75                                                                              membrane lipid catabolic process
76                                                     negative regulation of calcium ion transport into cytosol
77                                                                                       epidermis morphogenesis
78                                                               negative regulation of B cell apoptotic process
81                                                                    regulation of smooth muscle cell migration
83                                                                                       ensheathment of neurons
84                                                                                             axon ensheathment
85                                                                                    cardiocyte differentiation
87                                                      positive regulation of skeletal muscle fiber development
88                                                                positive regulation of potassium ion transport
89                                                                             response to immobilization stress
90                       positive regulation of extrinsic apoptotic signaling pathway via death domain receptors
91                                                                     regulation of lamellipodium morphogenesis
92                                                                    protein O-linked glycosylation via mannose
93                                                                        regulation of B cell apoptotic process
94                                                                                     mammalian oogenesis stage
95                                                               regulation of skeletal muscle fiber development
96                                                                      interleukin-6-mediated signaling pathway
97                                                                                 monoatomic cation homeostasis
98                                                                       hematopoietic stem cell differentiation
99                                                                                              regulation of pH
100                                                                                                  myelination
101                                                            negative regulation of mononuclear cell migration
102                                                                                         developmental growth
104                                                          negative regulation of mitochondrial depolarization
105                                                                                         leukocyte chemotaxis
106                                                                               regulation of intracellular pH
111                                                                                                 heart growth
112                                                                             dorsal root ganglion development
113                                                               positive regulation of Notch signaling pathway
114                                                                                      muscle cell development
115                                                                           striated muscle tissue development
117                                                                 regulation of motor neuron apoptotic process
118                                             extrinsic apoptotic signaling pathway via death domain receptors
119                                                                                           tissue development
120                                                                          NLRP3 inflammasome complex assembly
121                                                                                   monoatomic ion homeostasis
122                                                 positive regulation of extrinsic apoptotic signaling pathway
123                                                                          cardiac muscle cell differentiation
124                                                                        phosphatidylcholine catabolic process
125                                                            positive regulation of melanocyte differentiation
126                                                                                             pons development
127                                                          regulation of extrinsic apoptotic signaling pathway
128                                                                               antral ovarian follicle growth
129                                                                           negative regulation of cell growth
130                                                                                    melanin metabolic process
131                                                                             sphingosine biosynthetic process
132                                                                               sphingoid biosynthetic process
133                                                                          hematopoietic stem cell homeostasis
134                                                                            negative regulation of chemotaxis
135                                                                            sphingolipid biosynthetic process
136                                                                                    regulation of cellular pH
137                                                                                 protein localization to axon
138                                                                   negative regulation of leukocyte migration
139 negative regulation of intrinsic apoptotic signaling pathway in response to DNA damage by p53 class mediator
140                                                              CD8-positive, alpha-beta T cell differentiation
141                                                                     regulation of melanocyte differentiation
142                                                          positive regulation of pigment cell differentiation
143                                                 positive regulation of potassium ion transmembrane transport
144                                                                           netrin-activated signaling pathway
145                                                                                            B cell chemotaxis
150                                                                          positive regulation of ossification
151          regulation of intrinsic apoptotic signaling pathway in response to DNA damage by p53 class mediator
152                            intrinsic apoptotic signaling pathway in response to endoplasmic reticulum stress
153                                                            positive regulation of developmental pigmentation
154                                                                                      humoral immune response
155                                                                                         response to iron ion
156                                                                                 muscle structure development
157                                                                                        cartilage development
158                                                                  regulation of multicellular organism growth
159                                                                   regulation of pigment cell differentiation
160                                                                                                   locomotion
161                                                   positive regulation of cytosolic calcium ion concentration
162                                                                                     B cell apoptotic process
163                                                               heparan sulfate proteoglycan metabolic process
164                                                                                 ovarian follicle development
166                                           positive regulation of amyloid precursor protein catabolic process
168                                                                                   melanocyte differentiation
169                                                                                  skeletal system development
170                                                                                    muscle tissue development
172                                                                             physiological muscle hypertrophy
173                                                                     physiological cardiac muscle hypertrophy
174                                                      cell growth involved in cardiac muscle cell development
175                                                                                  myeloid leukocyte migration
177                                                                               protein O-linked glycosylation
178                                                                             anterior/posterior axon guidance
179                                                                             membrane lipid metabolic process
180                                                                                  bile acid metabolic process
181                                                                                      calcium ion homeostasis
182                                                                                         ganglion development
183                                                                                sphingosine metabolic process
184                                                                                       glial cell development
186                                                                                   sensory perception of pain
188                                                                            cardiac muscle tissue development
189                                                      negative regulation of dendritic cell apoptotic process
190                                                                                   skin epidermis development
191                                                          protein localization to site of double-strand break
192                                                                                            neuron maturation
193                                                                  positive regulation of reproductive process
194                                                                         regulation of nervous system process
195                                                                         striated muscle cell differentiation
196                                           negative regulation of non-canonical NF-kappaB signal transduction
197                                                                                      Notch signaling pathway
198                                                                                                 vasodilation
199                                                                        peripheral nervous system development
200                                                    positive regulation of striated muscle tissue development
201                                                              positive regulation of muscle organ development
202                                                             positive regulation of muscle tissue development
203                                                     positive regulation of supramolecular fiber organization
204                                                                                   amide biosynthetic process
206                                                                                     regulation of locomotion
207                                                                                  muscle cell differentiation
210                           negative regulation of intrinsic apoptotic signaling pathway by p53 class mediator
211                                                                                       sarcomere organization
212                                                                                  lamellipodium morphogenesis
213                                                                                   regulation of ossification
214                                                                                       chemorepulsion of axon
    genome_fraction observed_region_hits fold_enrichment      p_value
1      0.0016569146                    9       10.863565 2.271001e-07
2      0.0016569146                    9       10.863565 2.271001e-07
3      0.0016569146                    9       10.863565 2.271001e-07
4      0.0016569146                    9       10.863565 2.271001e-07
5      0.0016888009                    9       10.658450 2.658533e-07
6      0.0017816211                    9       10.103158 4.131230e-07
7      0.0050832792                   14        5.508255 4.501139e-07
8      0.0019164798                    9        9.392220 7.509009e-07
9      0.0113213998                   20        3.533132 1.819281e-06
10     0.0012100482                    7       11.569787 3.355916e-06
11     0.0012100482                    7       11.569787 3.355916e-06
12     0.0012383364                    7       11.305490 3.897661e-06
13     0.0012383364                    7       11.305490 3.897661e-06
14     0.0121091369                   20        3.303291 4.881026e-06
15     0.0013126480                    7       10.665464 5.677560e-06
16     0.0013126480                    7       10.665464 5.677560e-06
17     0.0031524352                   10        6.344302 5.890457e-06
18     0.0008724669                    6       13.754104 6.427401e-06
19     0.0013462340                    7       10.399381 6.679263e-06
20     0.0019775947                    8        8.090637 9.059137e-06
21     0.0026690696                    9        6.743923 1.064523e-05
22     0.0026787888                    9        6.719455 1.095260e-05
23     0.0014544084                    7        9.625907 1.095478e-05
24     0.0021046893                    8        7.602072 1.411237e-05
25     0.0043246464                   11        5.087121 1.576009e-05
26     0.0531082108                   50        1.882948 1.763253e-05
27     0.0535262851                   50        1.868241 2.155681e-05
28     0.0016616269                    7        8.425477 2.547413e-05
29     0.0103261319                   17        3.292617 2.576157e-05
30     0.0148023430                   21        2.837389 2.676356e-05
31     0.0148023430                   21        2.837389 2.676356e-05
32     0.0054553301                   12        4.399367 2.692664e-05
33     0.0046092317                   11        4.773030 2.800817e-05
34     0.0126443951                   19        3.005284 3.011701e-05
35     0.0011572651                    6       10.369275 3.106056e-05
36     0.0030720878                    9        5.859208 3.164979e-05
37     0.0024238614                    8        6.601038 3.803919e-05
38     0.0403789830                   40        1.981229 4.291659e-05
39     0.0048410552                   11        4.544464 4.336759e-05
40     0.0076733142                   14        3.649010 4.484629e-05
41     0.0012586619                    6        9.533934 4.927310e-05
42     0.0012748393                    6        9.412951 5.283781e-05
43     0.0025812207                    8        6.198618 5.878479e-05
44     0.0008004512                    5       12.492954 6.037763e-05
45     0.0206168503                   25        2.425201 6.048268e-05
48     0.0019771831                    7        7.080781 7.520935e-05
49     0.0035305398                    9        5.098370 9.062570e-05
50     0.0014234233                    6        8.430380 9.620661e-05
51     0.0093134304                   15        3.221155 9.628899e-05
52     0.0014298957                    6        8.392220 9.859407e-05
53     0.0213365424                   25        2.343397 1.027178e-04
54     0.0014507393                    6        8.271645 1.066043e-04
55     0.0053828744                   11        4.087036 1.096496e-04
56     0.0116485878                   17        2.918809 1.099941e-04
57     0.0009305088                    5       10.746809 1.215442e-04
58     0.0036804155                    9        4.890752 1.234306e-04
59     0.0229056720                   26        2.270180 1.235971e-04
60     0.0054679235                   11        4.023465 1.254858e-04
61     0.0352874360                   35        1.983709 1.262406e-04
62     0.0096014861                   15        3.124516 1.336200e-04
63     0.0487179040                   44        1.806317 1.439238e-04
64     0.0065278974                   12        3.676528 1.441077e-04
65     0.0009721498                    5       10.286480 1.487371e-04
66     0.0056136475                   11        3.919021 1.571530e-04
67     0.0038335771                    9        4.695354 1.666708e-04
68     0.0015779723                    6        7.604696 1.673939e-04
69     0.0030538843                    8        5.239229 1.840867e-04
70     0.0039277350                    9        4.582794 1.990342e-04
71     0.0048285647                   10        4.142018 2.004209e-04
72     0.0223773050                   25        2.234407 2.102525e-04
73     0.0039668957                    9        4.537553 2.139515e-04
74     0.0265971480                   28        2.105489 2.338267e-04
75     0.0058845571                   11        3.738599 2.342119e-04
76     0.0010912534                    5        9.163775 2.525206e-04
77     0.0049918322                   10        4.006545 2.602060e-04
78     0.0017317584                    6        6.929373 2.742764e-04
81     0.0092591960                   14        3.024021 3.061705e-04
83     0.0258241334                   27        2.091067 3.340701e-04
84     0.0258241334                   27        2.091067 3.340701e-04
85     0.0191470452                   22        2.298005 3.421200e-04
87     0.0018381798                    6        6.528197 3.752529e-04
88     0.0063152142                   11        3.483651 4.213866e-04
89     0.0026355616                    7        5.311961 4.252038e-04
90     0.0019063100                    6        6.294884 4.537659e-04
91     0.0019142975                    6        6.268618 4.637488e-04
92     0.0026820462                    7        5.219895 4.711898e-04
93     0.0019237967                    6        6.237665 4.758429e-04
94     0.0012567600                    5        7.956969 4.782803e-04
95     0.0019390373                    6        6.188638 4.957581e-04
96     0.0019473726                    6        6.162149 5.069210e-04
97     0.0676497502                   54        1.596458 5.350094e-04
98     0.0035981696                    8        4.446705 5.411319e-04
99     0.0098281679                   14        2.848954 5.474392e-04
100    0.0253264001                   26        2.053193 5.587232e-04
101    0.0027686283                    7        5.056656 5.673647e-04
102    0.0958141755                   71        1.482035 5.779212e-04
104    0.0013632914                    5        7.335189 6.879709e-04
105    0.0243382397                   25        2.054380 7.031951e-04
106    0.0078634434                   12        3.052098 7.448763e-04
111    0.0127275635                   16        2.514228 8.557822e-04
112    0.0014426701                    5        6.931592 8.840448e-04
113    0.0069242303                   11        3.177248 8.877376e-04
114    0.0261848719                   26        1.985879 8.991991e-04
115    0.0532809668                   44        1.651622 9.141583e-04
117    0.0021968318                    6        5.462412 9.418564e-04
118    0.0116449435                   15        2.576225 9.674989e-04
119    0.2184897412                  139        1.272371 1.015804e-03
120    0.0039850992                    8        4.014957 1.037967e-03
121    0.0696697594                   54        1.550170 1.038498e-03
122    0.0082024867                   12        2.925942 1.064398e-03
123    0.0143374612                   17        2.371410 1.120241e-03
124    0.0022919763                    6        5.235656 1.167655e-03
125    0.0015430450                    5        6.480692 1.188132e-03
126    0.0015575226                    5        6.420452 1.237649e-03
127    0.0198090751                   21        2.120240 1.254683e-03
128    0.0015705312                    5        6.367272 1.283426e-03
129    0.0212497439                   22        2.070613 1.305275e-03
130    0.0023508095                    6        5.104625 1.326666e-03
131    0.0023522041                    6        5.101598 1.330625e-03
132    0.0023522041                    6        5.101598 1.330625e-03
133    0.0032181879                    7        4.350274 1.345210e-03
134    0.0041582491                    8        3.847773 1.354575e-03
135    0.0159361174                   18        2.259019 1.384148e-03
136    0.0084658914                   12        2.834905 1.384862e-03
137    0.0023925002                    6        5.015674 1.448984e-03
138    0.0042160746                    8        3.794999 1.475898e-03
139    0.0016350987                    5        6.115839 1.529358e-03
140    0.0016359113                    5        6.112801 1.532659e-03
141    0.0016375294                    5        6.106760 1.539246e-03
142    0.0016415143                    5        6.091936 1.555556e-03
143    0.0042772143                    8        3.740752 1.613388e-03
144    0.0024589519                    6        4.880128 1.661481e-03
145    0.0016670383                    5        5.998662 1.663056e-03
150    0.0086852031                   12        2.763321 1.709026e-03
151    0.0016794330                    5        5.954390 1.717181e-03
152    0.0098902657                   13        2.628847 1.728399e-03
153    0.0016825273                    5        5.943440 1.730891e-03
154    0.0136836353                   16        2.338560 1.777709e-03
155    0.0034038603                    7        4.112977 1.842156e-03
156    0.0899444225                   65        1.445337 1.846199e-03
157    0.0306348991                   28        1.827981 1.941046e-03
158    0.0088286986                   12        2.718407 1.953095e-03
159    0.0017359988                    5        5.760373 1.980710e-03
160    0.1584248247                  104        1.312926 1.994378e-03
161    0.0164948308                   18        2.182502 2.002304e-03
162    0.0034604225                    7        4.045749 2.018763e-03
163    0.0055417063                    9        3.248097 2.193609e-03
164    0.0089714632                   12        2.675149 2.223572e-03
166    0.0035521995                    7        3.941220 2.332871e-03
168    0.0035787171                    7        3.912016 2.430285e-03
169    0.0643610795                   49        1.522659 2.523091e-03
170    0.0562472968                   44        1.564520 2.546827e-03
172    0.0036138183                    7        3.874019 2.564012e-03
173    0.0036138183                    7        3.874019 2.564012e-03
174    0.0036138183                    7        3.874019 2.564012e-03
175    0.0239207438                   23        1.923017 2.589805e-03
177    0.0225774905                   22        1.948844 2.715930e-03
178    0.0018718723                    5        5.342245 2.732977e-03
179    0.0284249841                   26        1.829377 2.744191e-03
180    0.0046713827                    8        3.425110 2.760725e-03
181    0.0422498050                   35        1.656812 2.851638e-03
182    0.0027515887                    6        4.361117 2.890280e-03
183    0.0027528342                    6        4.359144 2.896648e-03
184    0.0198687671                   20        2.013210 2.907513e-03
186    0.0105365050                   13        2.467611 2.958021e-03
188    0.0317322451                   28        1.764766 3.155802e-03
189    0.0019400734                    5        5.154444 3.179845e-03
190    0.0172572249                   18        2.086083 3.207507e-03
191    0.0019465139                    5        5.137390 3.224599e-03
192    0.0070519992                   10        2.836075 3.358237e-03
193    0.0119884082                   14        2.335589 3.384612e-03
194    0.0187384737                   19        2.027913 3.385223e-03
195    0.0411541835                   34        1.652323 3.393890e-03
196    0.0048378225                    8        3.307273 3.403286e-03
197    0.0245238553                   23        1.875725 3.495193e-03
198    0.0070990906                   10        2.817262 3.516851e-03
199    0.0147363207                   16        2.171505 3.637304e-03
200    0.0038577881                    7        3.629023 3.656163e-03
201    0.0038577881                    7        3.629023 3.656163e-03
202    0.0038577881                    7        3.629023 3.656163e-03
203    0.0231815033                   22        1.898065 3.695382e-03
204    0.0203167051                   20        1.968823 3.711809e-03
206    0.1402497093                   92        1.311946 3.861124e-03
207    0.0559511755                   43        1.537054 3.880105e-03
210    0.0029351568                    6        4.088368 3.947664e-03
211    0.0049858743                    8        3.209066 4.067225e-03
212    0.0029585801                    6        4.056000 4.100725e-03
213    0.0205147438                   20        1.949817 4.122332e-03
214    0.0020651100                    5        4.842357 4.132089e-03
        p_adjust mean_tss_dist observed_gene_hits gene_set_size
1   0.0001208569        344076                  3             7
2   0.0001208569        344076                  3             7
3   0.0001208569        344076                  3             7
4   0.0001208569        344076                  3             7
5   0.0001208569        344076                  3            10
6   0.0001461584        344076                  3            12
7   0.0001461584        327454                  5            25
8   0.0002133497        344076                  3            15
9   0.0004594696        235537                  8            67
10  0.0006814911         42664                  2             6
11  0.0006814911         42664                  2             6
12  0.0006814911         42664                  2             7
13  0.0006814911         42664                  2             7
14  0.0007875888        235537                  8            81
15  0.0007875888        142334                  2            17
16  0.0007875888        142334                  2            17
17  0.0007875888        273505                  2            26
18  0.0007990508        158423                  1             6
19  0.0007990508         42664                  2             8
20  0.0010295710        382497                  3            17
21  0.0010826178        344076                  3            23
22  0.0010826178        174068                  2            27
23  0.0010826178        140099                  2            16
24  0.0013365589        400464                  2             8
25  0.0014329078        151991                  4            22
26  0.0015414900        194980                 33           389
27  0.0018147640        194980                 33           391
28  0.0019126331        349742                  2             9
29  0.0019126331        163651                 12            76
30  0.0019126331        137806                 11           127
31  0.0019126331        137806                 11           127
32  0.0019126331        316380                  6            56
33  0.0019291689        245294                  5            34
34  0.0019983323        275326                  8            79
35  0.0019983323         98584                  1             6
36  0.0019983323        366043                  4            24
37  0.0023368402        128335                  3            18
38  0.0025275523        327866                 19           273
39  0.0025275523        160660                  4            38
40  0.0025483906        277289                  5            40
41  0.0027316524        371432                  2             8
42  0.0028595317         47414                  1             6
43  0.0030550475        124180                  2            17
44  0.0030550475        632707                  1             6
45  0.0030550475        269032                 12           137
48  0.0037163228         42664                  2            16
49  0.0043828132        174068                  2            43
50  0.0044666303        326571                  2            11
51  0.0044666303        195589                  8            71
52  0.0044820863        354545                  2             8
53  0.0045779913        214426                 15           155
54  0.0046299371        425685                  2            11
55  0.0046299371        274990                  4            36
56  0.0046299371        163651                 12            82
57  0.0048634736        388466                  1             6
58  0.0048634736        483587                  3            19
59  0.0048634736        240722                 16           193
60  0.0048634736        122129                  3            29
61  0.0048634736        207127                 20           264
62  0.0050619703        364938                  8            64
63  0.0052831744        313113                 22           338
64  0.0052831744        346718                  6            39
65  0.0053663390        388466                  1             6
66  0.0055813854        274990                  4            41
67  0.0057649439        483587                  3            23
68  0.0057649439        325637                  2             6
69  0.0062452112        341807                  3            20
70  0.0066022721        506417                  5            32
71  0.0066022721        388733                  6            29
72  0.0068272005        144185                 13           162
73  0.0068494612        501602                  4            22
74  0.0072926538        324663                 20           159
75  0.0072926538        160660                  4            43
76  0.0077564765        388466                  1             5
77  0.0078859761        388733                  6            32
78  0.0082030305        345136                  2            13
81  0.0090379940        268586                  7            61
83  0.0096119166        127139                 17           151
84  0.0096119166        127139                 17           151
85  0.0097204831        248081                 16           143
87  0.0105302440        348478                  2             8
88  0.0116444353        199403                  6            36
89  0.0116444353         44439                  2            22
90  0.0122786879        529717                  2            11
91  0.0123537631         98584                  1            10
92  0.0123537631        216575                  2            18
93  0.0123537631        345136                  2            19
94  0.0123537631        632707                  1            10
95  0.0126613286        348478                  2            11
96  0.0128025718        124761                  2            18
97  0.0133634763        271013                 33           561
98  0.0133694860        273347                  4            35
99  0.0133798857        307316                  7            97
100 0.0135104028        131167                 16           149
101 0.0135749472        140099                  2            25
102 0.0136834892        285279                 47           644
104 0.0161212160        388466                  1             7
105 0.0163098204        243031                 15           192
106 0.0171020582        316380                  6            82
111 0.0194519291        316600                 13            81
112 0.0197826229        158544                  1             6
113 0.0197826229        243818                  6            42
114 0.0198434917        207635                 16           180
115 0.0199796319        247722                 34           387
117 0.0203889484        326571                  2            15
118 0.0207464616        387943                  7            79
119 0.0215787051        251816                112          1816
120 0.0216560159        313781                  5            50
121 0.0216560159        271013                 33           572
122 0.0219943237        388533                  6            53
123 0.0229397083        163651                 12           113
124 0.0236971351         98584                  1            14
125 0.0238993369        388466                  1             5
126 0.0246769786        388466                  1             9
127 0.0247990871        322517                 11           152
128 0.0251485137        632707                  1            12
129 0.0252042634        286878                 11           161
130 0.0252042634        434403                  2            22
131 0.0252042634        323916                  4            14
132 0.0252042634        323916                  4            14
133 0.0252372947        162151                  2            25
134 0.0252372947        134608                  3            38
135 0.0253854104        163697                 11           112
136 0.0253854104        316380                  6            86
137 0.0263483208         47414                  1            10
138 0.0266247350        127218                  3            42
139 0.0271217448        388466                  1            13
140 0.0271217448        388466                  1            14
141 0.0271217448        388466                  1             6
142 0.0271982989        388466                  1             7
143 0.0279941271        254078                  5            28
144 0.0284220076        165911                  2             8
145 0.0284220076        522509                  3             8
150 0.0287176322        357476                  3            52
151 0.0287176322        388466                  1            16
152 0.0287176322        280759                  6            61
153 0.0287176322        388466                  1             9
154 0.0292806686        281489                  9           183
155 0.0299743555        281790                  3            28
156 0.0299743555        207197                 46           654
157 0.0312632808        317694                 15           197
158 0.0312632808        285808                  6            62
159 0.0313878369        388466                  1             8
160 0.0313878369        190619                 76          1110
161 0.0313878369        243093                 11           154
162 0.0314290957        305402                  3            25
163 0.0339188607        506417                  5            44
164 0.0341498662        534922                  3            60
166 0.0355880289        190320                  4            23
168 0.0368269190        349742                  2            22
169 0.0375999890        308202                 32           479
170 0.0375999890        247722                 34           406
172 0.0375999890        303639                  5            21
173 0.0375999890        303639                  5            21
174 0.0375999890        303639                  5            21
175 0.0377347884        222720                 14           188
177 0.0392195475        309131                 12           145
178 0.0392195475        158544                  1             5
179 0.0392195475        145984                 14           206
180 0.0392195475        444421                  4            43
181 0.0402594605        296086                 20           297
182 0.0402974162        224095                  2            15
183 0.0402974162        323916                  4            19
184 0.0402974162        175370                 13           122
186 0.0407489853        183621                  6            75
188 0.0432116708        227584                 22           223
189 0.0432801647        388466                  1             8
190 0.0433698971        336389                 13           121
191 0.0433698971        215931                  2            24
192 0.0444578705        306427                  3            52
193 0.0444578705        325305                  7            80
194 0.0444578705        188477                 10           112
195 0.0444578705        202052                 20           281
196 0.0444578705        198518                  3            27
197 0.0453975613        186474                 15           168
198 0.0454193304        179568                  6            55
199 0.0461692148        176070                  8            83
200 0.0461692148        301138                  3            20
201 0.0461692148        301138                  3            20
202 0.0461692148        301138                  3            20
203 0.0463568181        130341                 12           157
204 0.0463568181        186314                 14           172
206 0.0479319469        179159                 67           956
207 0.0479319469        221614                 26           384
210 0.0485029212        328153                  2            18
211 0.0496943833        116607                  5            45
212 0.0496943833         98584                  1            17
213 0.0496943833        329130                  7           118
214 0.0496943833        158544                  1             6
    fold_enrichment_hyper p_value_hyper p_adjust_hyper
1               10.274631  2.229655e-03    0.047811368
2               10.274631  2.229655e-03    0.047811368
3               10.274631  2.229655e-03    0.047811368
4               10.274631  2.229655e-03    0.047811368
5                7.192241  6.959214e-03    0.096876907
6                5.993534  1.198838e-02    0.132995945
7                4.794828  3.299845e-03    0.060873624
8                4.794828  2.259541e-02    0.184745915
9                2.862584  6.548464e-03    0.092451303
10               7.991379  2.330317e-02    0.187830152
11               7.991379  2.330317e-02    0.187830152
12               6.849754  3.173257e-02    0.212280520
13               6.849754  3.173257e-02    0.212280520
14               2.367816  1.950158e-02    0.169074710
15               2.820487  1.566527e-01    0.425413992
16               2.820487  1.566527e-01    0.425413992
17               1.844164  2.959204e-01    0.556225449
18               3.995690  2.256089e-01    0.499066334
19               5.993534  4.115768e-02    0.239701559
20               4.230730  3.175336e-02    0.212280520
21               3.127061  6.887971e-02    0.308803900
22               1.775862  3.115252e-01    0.566696020
23               2.996767  1.419586e-01    0.411643782
24               5.993534  4.115768e-02    0.239701559
25               4.358934  1.205331e-02    0.132995945
26               2.033796  9.265202e-05    0.007107199
27               2.023393  1.021681e-04    0.007257125
28               5.327586  5.148101e-02    0.265508318
29               3.785390  6.748691e-05    0.006135910
30               2.076500  1.720493e-02    0.155865912
31               2.076500  1.720493e-02    0.155865912
32               2.568658  2.856603e-02    0.203544171
33               3.525609  1.270124e-02    0.135539566
34               2.427761  1.699449e-02    0.155865912
35               3.995690  2.256089e-01    0.499066334
36               3.995690  1.639692e-02    0.152576853
37               3.995690  3.695343e-02    0.229494964
38               1.668530  2.059153e-02    0.175297902
39               2.523593  7.240578e-02    0.314204050
40               2.996767  2.450725e-02    0.189180381
41               5.993534  4.115768e-02    0.239701559
42               3.995690  2.256089e-01    0.499066334
43               2.820487  1.566527e-01    0.425413992
44               3.995690  2.256089e-01    0.499066334
45               2.099924  1.214393e-02    0.133348566
48               2.996767  1.419586e-01    0.411643782
49               1.115076  5.405987e-01    0.730113452
50               4.358934  7.446395e-02    0.315550511
51               2.701311  9.243579e-03    0.120060891
52               5.993534  4.115768e-02    0.239701559
53               2.320078  2.110468e-03    0.047811368
54               4.358934  7.446395e-02    0.315550511
55               2.663793  6.160097e-02    0.288699002
56               3.508410  1.434727e-04    0.008152838
57               3.995690  2.256089e-01    0.499066334
58               3.785390  4.256030e-02    0.243061374
59               1.987493  7.034644e-03    0.096876907
60               2.480083  1.186952e-01    0.388752402
61               1.816223  7.544689e-03    0.102077846
62               2.996767  4.954190e-03    0.077326458
63               1.560447  2.657321e-02    0.197065683
64               3.688329  5.190739e-03    0.078657000
65               3.995690  2.256089e-01    0.499066334
66               2.338940  9.028083e-02    0.347810729
67               3.127061  6.887971e-02    0.308803900
68               7.991379  2.330317e-02    0.187830152
69               3.596121  4.856623e-02    0.259133919
70               3.745959  9.840236e-03    0.122894813
71               4.960166  1.075703e-03    0.032172011
72               1.923851  1.823698e-02    0.162631953
73               4.358934  1.205331e-02    0.132995945
74               3.015615  1.049798e-05    0.002285760
75               2.230152  1.032576e-01    0.365583367
76               4.794828  1.918913e-01    0.468495045
77               4.495151  1.845270e-03    0.046091192
78               3.688329  1.000228e-01    0.362602417
81               2.751131  1.318114e-02    0.137434496
83               2.699075  1.901564e-04    0.009823305
84               2.699075  1.901564e-04    0.009823305
85               2.682421  3.121357e-04    0.014391201
87               5.993534  4.115768e-02    0.239701559
88               3.995690  3.443924e-03    0.060917242
89               2.179467  2.332427e-01    0.506256276
90               4.358934  7.446395e-02    0.315550511
91               2.397414  3.470029e-01    0.591701140
92               2.663793  1.716151e-01    0.441268162
93               2.523593  1.867980e-01    0.462328464
94               2.397414  3.470029e-01    0.591701140
95               4.358934  7.446395e-02    0.315550511
96               2.663793  1.716151e-01    0.441268162
97               1.410243  2.988332e-02    0.208119843
98               2.739901  5.654278e-02    0.278789043
99               1.730092  1.104405e-01    0.373003398
100              2.574404  4.960136e-04    0.019109135
101              1.917931  2.802637e-01    0.545877750
102              1.749665  1.416437e-04    0.008152838
104              3.424877  2.579216e-01    0.527624598
105              1.872980  1.476423e-02    0.146546293
106              1.754205  1.271942e-01    0.400683586
111              3.847701  2.833282e-05    0.003220025
112              3.995690  2.256089e-01    0.499066334
113              3.424877  7.511972e-03    0.102077846
114              2.131034  3.608009e-03    0.062603094
115              2.106255  3.619998e-05    0.003918217
117              3.196552  1.275846e-01    0.400683586
118              2.124291  4.646481e-02    0.256345911
119              1.478581  1.256458e-05    0.002285760
120              2.397414  5.642611e-02    0.278789043
121              1.383123  3.768373e-02    0.233392702
122              2.714053  2.240722e-02    0.184534847
123              2.545926  2.651196e-03    0.053328920
124              1.712438  4.493901e-01    0.666126717
125              4.794828  1.918913e-01    0.468495045
126              2.663793  3.185638e-01    0.570529126
127              1.734971  5.352512e-02    0.270963473
128              1.997845  4.003748e-01    0.635819908
129              1.637985  7.423372e-02    0.315550511
130              2.179467  2.332427e-01    0.506256276
131              6.849754  2.149043e-03    0.047811368
132              6.849754  2.149043e-03    0.047811368
133              1.917931  2.802637e-01    0.545877750
134              1.892695  2.102981e-01    0.492644004
135              2.354603  7.075040e-03    0.096876907
136              1.672614  1.494307e-01    0.418811238
137              2.397414  3.470029e-01    0.591701140
138              1.712438  2.549654e-01    0.524467274
139              1.844164  4.254041e-01    0.654107736
140              1.712438  4.493901e-01    0.666126717
141              3.995690  2.256089e-01    0.499066334
142              3.424877  2.579216e-01    0.527624598
143              4.281096  5.506475e-03    0.082343539
144              5.993534  4.115768e-02    0.239701559
145              8.990302  3.457248e-03    0.060917242
150              1.383123  3.699586e-01    0.612020386
151              1.498384  4.944041e-01    0.696611709
152              2.358112  4.112266e-02    0.239701559
153              2.663793  3.185638e-01    0.570529126
154              1.179056  3.549674e-01    0.598710192
155              2.568658  1.096372e-01    0.373003398
156              1.686254  3.793626e-04    0.016269645
157              1.825442  1.824512e-02    0.162631953
158              2.320078  4.399215e-02    0.247930752
159              2.996767  2.888879e-01    0.553910408
160              1.641473  1.232346e-05    0.002285760
161              1.712438  5.774743e-02    0.282279397
162              2.876897  8.421620e-02    0.335402572
163              2.724334  3.535006e-02    0.226054385
164              1.198707  4.598355e-01    0.671726306
166              4.169415  1.411949e-02    0.142967848
168              2.179467  2.332427e-01    0.506256276
169              1.601613  6.068019e-03    0.087294979
170              2.007686  9.380376e-05    0.007107199
172              5.708128  1.450775e-03    0.038795420
173              5.708128  1.450775e-03    0.038795420
174              5.708128  1.450775e-03    0.038795420
175              1.785308  2.611294e-02    0.196761658
177              1.984067  1.832841e-02    0.162736261
178              4.794828  1.918913e-01    0.468495045
179              1.629310  5.020614e-02    0.262341493
180              2.230152  1.032576e-01    0.365583367
181              1.614420  2.442603e-02    0.189180381
182              3.196552  1.275846e-01    0.400683586
183              5.047187  7.050171e-03    0.096876907
184              2.554621  1.739273e-03    0.043926302
186              1.917931  9.255708e-02    0.350053656
188              2.365162  1.670260e-04    0.009039288
189              2.996767  2.888879e-01    0.553910408
190              2.575734  1.613921e-03    0.042124990
191              1.997845  2.645799e-01    0.534568944
192              1.383123  3.699586e-01    0.612020386
193              2.097737  4.917349e-02    0.259923417
194              2.140548  1.860149e-02    0.163880575
195              1.706344  1.432520e-02    0.142967848
196              2.663793  1.008611e-01    0.363520807
197              2.140548  4.552801e-03    0.074449765
198              2.615361  2.640225e-02    0.196761658
199              2.310760  2.226162e-02    0.184534847
200              3.596121  4.856623e-02    0.259133919
201              3.596121  4.856623e-02    0.259133919
202              3.596121  4.856623e-02    0.259133919
203              1.832418  3.165720e-02    0.212280520
204              1.951383  1.306426e-02    0.137434496
206              1.680196  2.012042e-05    0.002418894
207              1.623249  1.071086e-02    0.126143954
210              2.663793  1.716151e-01    0.441268162
211              2.663793  3.845613e-02    0.234975233
212              1.410243  5.155135e-01    0.713933024
213              1.422195  2.225589e-01    0.499066334
214              3.995690  2.256089e-01    0.499066334

=== Factor 2 ===
4view_factor2_bulk - positive - input peaks: 500 
4view_factor2_bulk - positive - significant terms: 536 
4view_factor2_bulk - negative - input peaks: 500 
4view_factor2_bulk - negative - significant terms: 181 
            id
1   GO:0008209
2   GO:0097242
3   GO:0045915
4   GO:0045964
5   GO:0141161
6   GO:0070862
7   GO:0033240
8   GO:0031987
9   GO:0030913
10  GO:0007193
11  GO:0036152
12  GO:0141156
13  GO:0090075
14  GO:0006369
15  GO:0071320
16  GO:0003223
17  GO:0007188
18  GO:1901078
19  GO:0055119
20  GO:0042416
21  GO:0099612
22  GO:0006198
23  GO:0141162
24  GO:0006682
25  GO:0019375
26  GO:0090317
27  GO:1901077
28  GO:0006681
29  GO:0019374
30  GO:0003139
31  GO:0032634
32  GO:0032674
33  GO:0048706
34  GO:0022010
35  GO:0032291
37  GO:0046476
38  GO:0006677
39  GO:0042053
40  GO:0042069
41  GO:1904888
42  GO:0090206
43  GO:0048709
44  GO:0045744
45  GO:0006353
46  GO:0070365
47  GO:1903523
49  GO:0030540
50  GO:0032754
51  GO:0007272
52  GO:0008366
53  GO:1901897
54  GO:0009214
55  GO:0033238
56  GO:0010092
57  GO:0003128
58  GO:0007548
59  GO:0014003
61  GO:2000179
62  GO:0060420
63  GO:0042552
64  GO:0060100
65  GO:1905155
68  GO:0008202
69  GO:0060099
70  GO:1905153
74  GO:0070861
75  GO:0055021
76  GO:0006971
77  GO:0051591
78  GO:0030258
79  GO:0048712
81  GO:0009713
82  GO:0042423
83  GO:0042445
84  GO:0046620
85  GO:0046683
86  GO:0071872
87  GO:0035282
88  GO:0003002
89  GO:0045939
90  GO:0003298
91  GO:0003301
92  GO:0061049
94  GO:0034614
95  GO:0032729
96  GO:0003229
97  GO:0008210
98  GO:0046660
99  GO:0048645
100 GO:0060415
101 GO:0060419
102 GO:1903828
103 GO:0006654
104 GO:0002689
110 GO:0055008
111 GO:0042559
112 GO:0071871
114 GO:0045056
115 GO:0050746
116 GO:0048608
117 GO:0055017
119 GO:0044557
120 GO:0055010
122 GO:0060914
123 GO:0048715
124 GO:0046473
125 GO:0042359
126 GO:0021782
128 GO:0046189
129 GO:0014075
131 GO:0048644
132 GO:0061458
133 GO:0042401
134 GO:0009309
135 GO:0106072
136 GO:1901844
137 GO:0032743
138 GO:0035904
141 GO:0061050
142 GO:0034311
143 GO:0032288
144 GO:0032387
145 GO:0032527
146 GO:0060740
147 GO:0050830
148 GO:0060512
149 GO:0042447
151 GO:0019731
153 GO:0035051
155 GO:0016042
156 GO:0030510
157 GO:0014909
158 GO:0003176
159 GO:0045686
160 GO:0002052
161 GO:0007389
162 GO:0048708
163 GO:0045823
164 GO:0007186
165 GO:0030509
166 GO:0009887
167 GO:1905314
168 GO:0042558
169 GO:0035902
172 GO:0051224
173 GO:0055013
174 GO:0048710
175 GO:1903524
176 GO:0003006
178 GO:1900407
180 GO:1900181
181 GO:0014014
182 GO:0071772
183 GO:0071773
184 GO:0055007
185 GO:0036150
186 GO:0072662
187 GO:0055023
189 GO:0045822
190 GO:0006911
191 GO:0008406
192 GO:0044321
193 GO:1901031
194 GO:0031124
195 GO:0071542
196 GO:0045429
197 GO:0048738
198 GO:1902882
199 GO:0003208
200 GO:0046622
201 GO:0007197
203 GO:0060045
204 GO:0003281
205 GO:0052548
207 GO:0099024
208 GO:0055095
209 GO:0071875
210 GO:0014812
211 GO:0007189
214 GO:0010001
215 GO:0045137
                                                                                         description
1                                                                         androgen metabolic process
2                                                                             amyloid-beta clearance
3                                             positive regulation of catecholamine metabolic process
4                                                  positive regulation of dopamine metabolic process
5                                                         regulation of cAMP/PKA signal transduction
6                                     negative regulation of protein exit from endoplasmic reticulum
7                                                     positive regulation of amine metabolic process
8                                                         locomotion involved in locomotory behavior
9                                                                        paranodal junction assembly
10                         adenylate cyclase-inhibiting G protein-coupled receptor signaling pathway
11                                                    phosphatidylethanolamine acyl-chain remodeling
12                                                                      cAMP/PKA signal transduction
13                                                                              relaxation of muscle
14                                                    termination of RNA polymerase II transcription
15                                                                         cellular response to cAMP
16                                                      ventricular compact myocardium morphogenesis
17                         adenylate cyclase-modulating G protein-coupled receptor signaling pathway
18                                                       negative regulation of relaxation of muscle
19                                                                      relaxation of cardiac muscle
20                                                                     dopamine biosynthetic process
21                                                                      protein localization to axon
22                                                                            cAMP catabolic process
23                                               negative regulation of cAMP/PKA signal transduction
24                                                           galactosylceramide biosynthetic process
25                                                                 galactolipid biosynthetic process
26                                            negative regulation of intracellular protein transport
27                                                                regulation of relaxation of muscle
28                                                              galactosylceramide metabolic process
29                                                                    galactolipid metabolic process
30                                                               secondary heart field specification
31                                                                          interleukin-5 production
32                                                            regulation of interleukin-5 production
33                                                             embryonic skeletal system development
34                                                                central nervous system myelination
35                                                       axon ensheathment in central nervous system
37                                                             glycosylceramide biosynthetic process
38                                                                glycosylceramide metabolic process
39                                                          regulation of dopamine metabolic process
40                                                     regulation of catecholamine metabolic process
41                                                               cranial skeletal system development
42                                              negative regulation of cholesterol metabolic process
43                                                                   oligodendrocyte differentiation
44                               negative regulation of G protein-coupled receptor signaling pathway
45                                                           DNA-templated transcription termination
46                                                                        hepatocyte differentiation
47                                                          negative regulation of blood circulation
49                                                                      female genitalia development
50                                                   positive regulation of interleukin-5 production
51                                                                           ensheathment of neurons
52                                                                                 axon ensheathment
53                                                        regulation of relaxation of cardiac muscle
54                                                               cyclic nucleotide catabolic process
55                                                             regulation of amine metabolic process
56                                                            specification of animal organ identity
57                                                                         heart field specification
58                                                                               sex differentiation
59                                                                       oligodendrocyte development
61                                        positive regulation of neural precursor cell proliferation
62                                                                        regulation of heart growth
63                                                                                       myelination
64                                                   positive regulation of phagocytosis, engulfment
65                                                      positive regulation of membrane invagination
68                                                                         steroid metabolic process
69                                                            regulation of phagocytosis, engulfment
70                                                               regulation of membrane invagination
74                                             regulation of protein exit from endoplasmic reticulum
75                                                        regulation of cardiac muscle tissue growth
76                                                                                hypotonic response
77                                                                                  response to cAMP
78                                                                                lipid modification
79                                                  negative regulation of astrocyte differentiation
81                                                 catechol-containing compound biosynthetic process
82                                                                catecholamine biosynthetic process
83                                                                         hormone metabolic process
84                                                                        regulation of organ growth
85                                                                      response to organophosphorus
86                                                         cellular response to epinephrine stimulus
87                                                                                      segmentation
88                                                                                   regionalization
89                                                  negative regulation of steroid metabolic process
90                                                                  physiological muscle hypertrophy
91                                                          physiological cardiac muscle hypertrophy
92                                           cell growth involved in cardiac muscle cell development
94                                                      cellular response to reactive oxygen species
95                                              positive regulation of type II interferon production
96                                                     ventricular cardiac muscle tissue development
97                                                                        estrogen metabolic process
98                                                                        female sex differentiation
99                                                                            animal organ formation
100                                                                      muscle tissue morphogenesis
101                                                                                     heart growth
102                                                      negative regulation of protein localization
103                                                           phosphatidic acid biosynthetic process
104                                                      negative regulation of leukocyte chemotaxis
110                                                              cardiac muscle tissue morphogenesis
111                                               pteridine-containing compound biosynthetic process
112                                                                          response to epinephrine
114                                                                                     transcytosis
115                                                      regulation of lipoprotein metabolic process
116                                                               reproductive structure development
117                                                                     cardiac muscle tissue growth
119                                                                      relaxation of smooth muscle
120                                                  ventricular cardiac muscle tissue morphogenesis
122                                                                                  heart formation
123                                           negative regulation of oligodendrocyte differentiation
124                                                              phosphatidic acid metabolic process
125                                                                      vitamin D metabolic process
126                                                                           glial cell development
128                                                  phenol-containing compound biosynthetic process
129                                                                                response to amine
131                                                                       muscle organ morphogenesis
132                                                                  reproductive system development
133                                                              biogenic amine biosynthetic process
134                                                                       amine biosynthetic process
135 negative regulation of adenylate cyclase-activating G protein-coupled receptor signaling pathway
136           regulation of cell communication by electrical coupling involved in cardiac conduction
137                                                  positive regulation of interleukin-2 production
138                                                                                aorta development
141                            regulation of cell growth involved in cardiac muscle cell development
142                                                                           diol metabolic process
143                                                                                  myelin assembly
144                                                   negative regulation of intracellular transport
145                                                          protein exit from endoplasmic reticulum
146                                                          prostate gland epithelium morphogenesis
147                                                      defense response to Gram-positive bacterium
148                                                                     prostate gland morphogenesis
149                                                                        hormone catabolic process
151                                                                   antibacterial humoral response
153                                                                       cardiocyte differentiation
155                                                                          lipid catabolic process
156                                                              regulation of BMP signaling pathway
157                                                                     smooth muscle cell migration
158                                                                         aortic valve development
159                                                negative regulation of glial cell differentiation
160                                                  positive regulation of neuroblast proliferation
161                                                                    pattern specification process
162                                                                        astrocyte differentiation
163                                                         positive regulation of heart contraction
164                                                     G protein-coupled receptor signaling pathway
165                                                                            BMP signaling pathway
166                                                                       animal organ morphogenesis
167                                                                     semi-lunar valve development
168                                                  pteridine-containing compound metabolic process
169                                                                response to immobilization stress
172                                                         negative regulation of protein transport
173                                                                  cardiac muscle cell development
174                                                          regulation of astrocyte differentiation
175                                                         positive regulation of blood circulation
176                                                   developmental process involved in reproduction
178                                              regulation of cellular response to oxidative stress
180                                           negative regulation of protein localization to nucleus
181                                                               negative regulation of gliogenesis
182                                                                                  response to BMP
183                                                                cellular response to BMP stimulus
184                                                              cardiac muscle cell differentiation
185                                                         phosphatidylserine acyl-chain remodeling
186                                                               protein localization to peroxisome
187                                              positive regulation of cardiac muscle tissue growth
189                                                         negative regulation of heart contraction
190                                                                         phagocytosis, engulfment
191                                                                                gonad development
192                                                                               response to leptin
193                                                regulation of response to reactive oxygen species
194                                                                           mRNA 3'-end processing
195                                                              dopaminergic neuron differentiation
196                                         positive regulation of nitric oxide biosynthetic process
197                                                                cardiac muscle tissue development
198                                                       regulation of response to oxidative stress
199                                                                  cardiac ventricle morphogenesis
200                                                              positive regulation of organ growth
201          adenylate cyclase-inhibiting G protein-coupled acetylcholine receptor signaling pathway
203                                         positive regulation of cardiac muscle cell proliferation
204                                                                   ventricular septum development
205                                                             regulation of endopeptidase activity
207                                                                     plasma membrane invagination
208                                                          lipoprotein particle mediated signaling
209                                                            adrenergic receptor signaling pathway
210                                                                            muscle cell migration
211                        adenylate cyclase-activating G protein-coupled receptor signaling pathway
214                                                                       glial cell differentiation
215                                                    development of primary sexual characteristics
    genome_fraction observed_region_hits fold_enrichment      p_value
1      0.0027557829                   12        8.708959 2.481799e-08
2      0.0042857270                   13        6.066649 3.994848e-07
3      0.0006077351                    6       19.745444 8.207551e-07
4      0.0006077351                    6       19.745444 8.207551e-07
5      0.0079145978                   17        4.295859 8.344855e-07
6      0.0006214073                    6       19.311006 9.325756e-07
7      0.0006431344                    6       18.658619 1.135695e-06
8      0.0020911343                    9        8.607769 1.524839e-06
9      0.0012748393                    7       10.981776 4.702591e-06
10     0.0165361098                   24        2.902738 4.993483e-06
11     0.0013177081                    7       10.624508 5.819935e-06
12     0.0091900936                   17        3.699636 5.937801e-06
13     0.0055929494                   13        4.648710 7.079579e-06
14     0.0010086456                    6       11.897142 1.449194e-05
15     0.0099054779                   17        3.432444 1.536398e-05
16     0.0010323385                    6       11.624094 1.649331e-05
17     0.0374003400                   39        2.085543 1.782991e-05
18     0.0010579264                    6       11.342944 1.889919e-05
19     0.0036834423                   10        5.429704 2.211270e-05
20     0.0017231534                    7        8.124639 3.200600e-05
21     0.0023925002                    8        6.687565 3.474309e-05
22     0.0023936996                    8        6.684214 3.486460e-05
23     0.0056510481                   12        4.247000 3.767648e-05
24     0.0012100482                    6        9.916960 3.970253e-05
25     0.0012100482                    6        9.916960 3.970253e-05
26     0.0031769763                    9        5.665765 4.089981e-05
27     0.0024692247                    8        6.479767 4.326588e-05
28     0.0012383364                    6        9.690420 4.506980e-05
29     0.0012383364                    6        9.690420 4.506980e-05
30     0.0018314945                    7        7.644030 4.683162e-05
31     0.0018365830                    7        7.622852 4.764658e-05
32     0.0018365830                    7        7.622852 4.764658e-05
33     0.0143184628                   20        2.793596 5.107583e-05
34     0.0050213339                   11        4.381306 5.987122e-05
35     0.0050213339                   11        4.381306 5.987122e-05
37     0.0013462340                    6        8.913755 7.111346e-05
38     0.0019771831                    7        7.080781 7.520935e-05
39     0.0027194752                    8        5.883488 8.407055e-05
40     0.0027242798                    8        5.873112 8.508971e-05
41     0.0082128163                   14        3.409306 9.118780e-05
42     0.0008775908                    5       11.394832 9.267759e-05
43     0.0187192837                   23        2.457359 9.765270e-05
44     0.0104489187                   16        3.062518 1.013790e-04
45     0.0014574139                    6        8.233763 1.092757e-04
46     0.0009163824                    5       10.912474 1.132452e-04
47     0.0044945743                   10        4.449810 1.132984e-04
49     0.0021621529                    7        6.475028 1.300065e-04
50     0.0015135680                    6        7.928286 1.339190e-04
51     0.0258241334                   28        2.168514 1.457187e-04
52     0.0258241334                   28        2.168514 1.457187e-04
53     0.0015420585                    6        7.781806 1.480010e-04
54     0.0038715241                    9        4.649332 1.791411e-04
55     0.0030622905                    8        5.224847 1.875003e-04
56     0.0048241256                   10        4.145829 1.989725e-04
57     0.0023269675                    7        6.016414 2.027090e-04
58     0.0319545801                   32        2.002843 2.069869e-04
59     0.0078375859                   13        3.317348 2.088702e-04
61     0.0078685532                   13        3.304292 2.168475e-04
62     0.0090304242                   14        3.100630 2.388984e-04
63     0.0253264001                   27        2.132162 2.478690e-04
64     0.0017109255                    6        7.013748 2.572915e-04
65     0.0017109255                    6        7.013748 2.572915e-04
68     0.0325294282                   32        1.967449 2.815496e-04
69     0.0017414634                    6        6.890756 2.824833e-04
70     0.0017414634                    6        6.890756 2.824833e-04
74     0.0024999720                    7        5.600063 3.111686e-04
75     0.0081804970                   13        3.178291 3.128894e-04
76     0.0017782892                    6        6.748059 3.153928e-04
77     0.0127673593                   17        2.663041 3.158686e-04
78     0.0177904249                   21        2.360821 3.275301e-04
79     0.0025466872                    7        5.497338 3.472761e-04
81     0.0026048037                    7        5.374685 3.967992e-04
82     0.0026048037                    7        5.374685 3.967992e-04
83     0.0221467128                   24        2.167365 4.295511e-04
84     0.0119790013                   16        2.671341 4.538590e-04
85     0.0169661317                   20        2.357638 4.579889e-04
86     0.0019629254                    6        6.113324 5.282717e-04
87     0.0121580558                   16        2.632000 5.310463e-04
88     0.0488029425                   42        1.721208 5.399257e-04
89     0.0027551549                    7        5.081384 5.514535e-04
90     0.0036138183                    8        4.427450 5.565010e-04
91     0.0036138183                    8        4.427450 5.565010e-04
92     0.0036138183                    8        4.427450 5.565010e-04
94     0.0186618095                   21        2.250586 6.024069e-04
95     0.0076999985                   12        3.116884 6.222555e-04
96     0.0099886570                   14        2.803180 6.393821e-04
97     0.0013517944                    5        7.397575 6.625322e-04
98     0.0163925185                   19        2.318131 7.667222e-04
99     0.0079346891                   12        3.024693 8.043222e-04
100    0.0102357530                   14        2.735510 8.063897e-04
101    0.0127275635                   16        2.514228 8.557822e-04
102    0.0276002013                   27        1.956507 8.957916e-04
103    0.0048695244                    9        3.696460 9.156497e-04
104    0.0014544084                    5        6.875648 9.162282e-04
110    0.0092154401                   13        2.821352 9.298556e-04
111    0.0014689180                    5        6.807732 9.572044e-04
112    0.0022147941                    6        5.418111 9.816687e-04
114    0.0022434265                    6        5.348961 1.047789e-03
115    0.0014999420                    5        6.666924 1.049369e-03
116    0.0353239921                   32        1.811800 1.097022e-03
117    0.0118114543                   15        2.539907 1.111372e-03
119    0.0015321016                    5        6.526982 1.151688e-03
120    0.0083198267                   12        2.884675 1.198562e-03
122    0.0040811450                    8        3.920468 1.205280e-03
123    0.0031702981                    7        4.415989 1.235906e-03
124    0.0051038708                    9        3.526735 1.263196e-03
125    0.0015746084                    5        6.350785 1.298028e-03
126    0.0198687671                   21        2.113870 1.300929e-03
128    0.0041530649                    8        3.852576 1.344098e-03
129    0.0062114293                   10        3.219871 1.359724e-03
131    0.0108946780                   14        2.570062 1.440728e-03
132    0.0359473510                   32        1.780382 1.444353e-03
133    0.0042112523                    8        3.799345 1.465463e-03
134    0.0042132571                    8        3.797537 1.469794e-03
135    0.0032709462                    7        4.280107 1.474219e-03
136    0.0024026523                    6        4.994480 1.480028e-03
137    0.0042200702                    8        3.791406 1.484589e-03
138    0.0085553832                   12        2.805251 1.510385e-03
141    0.0024475614                    6        4.902839 1.623475e-03
142    0.0042962162                    8        3.724207 1.658122e-03
143    0.0043246464                    8        3.699724 1.726878e-03
144    0.0053472445                    9        3.366220 1.729557e-03
145    0.0053519852                    9        3.363238 1.739846e-03
146    0.0043327865                    8        3.692774 1.746973e-03
147    0.0053958298                    9        3.335910 1.837347e-03
148    0.0043801796                    8        3.652818 1.867669e-03
149    0.0017144065                    5        5.832922 1.876860e-03
151    0.0025259075                    6        4.750768 1.898720e-03
153    0.0191470452                   20        2.089095 1.920422e-03
155    0.0306397640                   28        1.827690 1.945382e-03
156    0.0151247406                   17        2.247972 1.952788e-03
157    0.0113213998                   14        2.473192 2.041176e-03
158    0.0065903784                   10        3.034727 2.084870e-03
159    0.0055124352                    9        3.265344 2.118044e-03
160    0.0044733759                    8        3.576717 2.124145e-03
161    0.0541160012                   43        1.589179 2.143597e-03
162    0.0139551304                   16        2.293063 2.156222e-03
163    0.0066264377                   10        3.018213 2.167576e-03
164    0.1094589164                   76        1.388649 2.185247e-03
165    0.0207721693                   21        2.021936 2.200417e-03
166    0.1216977986                   83        1.364035 2.211827e-03
167    0.0066586576                   10        3.003608 2.243691e-03
168    0.0035340741                    7        3.961434 2.268037e-03
169    0.0026355616                    6        4.553109 2.341515e-03
172    0.0168134315                   18        2.141145 2.448862e-03
173    0.0103261319                   13        2.517884 2.497294e-03
174    0.0056552779                    9        3.182867 2.507353e-03
175    0.0067699581                   10        2.954228 2.523314e-03
176    0.0963792512                   68        1.411092 2.590710e-03
178    0.0036381677                    7        3.848091 2.660048e-03
180    0.0057270239                    9        3.142994 2.723214e-03
181    0.0080164382                   11        2.744361 2.756197e-03
182    0.0226058887                   22        1.946395 2.756479e-03
183    0.0226058887                   22        1.946395 2.756479e-03
184    0.0143374612                   16        2.231915 2.801387e-03
185    0.0018863783                    5        5.301163 2.823959e-03
186    0.0018863890                    5        5.301134 2.824027e-03
187    0.0046992771                    8        3.404779 2.861212e-03
189    0.0037043143                    7        3.779377 2.934903e-03
190    0.0058007854                    9        3.103028 2.960208e-03
191    0.0242044988                   23        1.900473 2.987349e-03
192    0.0027765733                    6        4.321874 3.020048e-03
193    0.0019170369                    5        5.216384 3.023425e-03
194    0.0037344087                    7        3.748920 3.066917e-03
195    0.0058446123                    9        3.079759 3.108550e-03
196    0.0047653668                    8        3.357559 3.110686e-03
197    0.0317322451                   28        1.764766 3.155802e-03
198    0.0058611942                    9        3.071047 3.166178e-03
199    0.0106346231                   13        2.444845 3.195446e-03
200    0.0070082575                   10        2.853776 3.216052e-03
201    0.0019470887                    5        5.135873 3.228615e-03
203    0.0038103383                    7        3.674214 3.420181e-03
204    0.0120046423                   14        2.332431 3.424635e-03
205    0.0019789254                    5        5.053248 3.456729e-03
207    0.0070981574                   10        2.817633 3.513651e-03
208    0.0019888220                    5        5.028102 3.529938e-03
209    0.0059909466                    9        3.004534 3.646729e-03
210    0.0121091369                   14        2.312304 3.691604e-03
211    0.0246402301                   23        1.866866 3.697443e-03
214    0.0400617804                   33        1.647455 4.043120e-03
215    0.0248402915                   23        1.851830 4.068078e-03
        p_adjust mean_tss_dist observed_gene_hits gene_set_size
1   5.370612e-05         96915                  8            26
2   3.363489e-04        140378                  6            38
3   3.363489e-04         17458                  1             6
4   3.363489e-04         17458                  1             6
5   3.363489e-04        122241                  9            41
6   3.363489e-04         80634                  2             9
7   3.510920e-04         17458                  1             7
8   4.124689e-04         48643                  2            12
9   1.070783e-03         81548                  2             6
10  1.070783e-03        180914                 12            88
11  1.070783e-03         50947                  4            11
12  1.070783e-03        122241                  9            49
13  1.178478e-03        176751                  6            34
14  2.216509e-03        251146                  2            12
15  2.216509e-03        131397                  8            53
16  2.230720e-03         54232                  3             8
17  2.269643e-03        149032                 20           247
18  2.272103e-03         14231                  1             7
19  2.518521e-03         80775                  4            16
20  3.222100e-03        101939                  2            12
21  3.222100e-03         72132                  3            10
22  3.222100e-03         78400                  3             9
23  3.222100e-03        103446                  6            28
24  3.222100e-03         29869                  2             6
25  3.222100e-03         29869                  2             6
26  3.222100e-03        105045                  4            36
27  3.222100e-03        115592                  2            15
28  3.222100e-03         29869                  2             7
29  3.222100e-03         29869                  2             7
30  3.222100e-03         46924                  2            11
31  3.222100e-03         47656                  2            17
32  3.222100e-03         47656                  2            17
33  3.349336e-03        200329                 14           102
34  3.701752e-03        152819                  6            22
35  3.701752e-03        152819                  6            22
37  4.274709e-03         29869                  2             8
38  4.398731e-03         31013                  3            16
39  4.721388e-03        155022                  3            17
40  4.721388e-03        155022                  3            18
41  4.891568e-03        144997                  7            64
42  4.891568e-03         64134                  2             8
43  5.031439e-03        225393                 16           104
44  5.101959e-03        114130                  7            61
45  5.329950e-03        251146                  2            20
46  5.329950e-03         31159                  2            13
47  5.329950e-03         76693                  3            21
49  5.985832e-03         37162                  3            17
50  6.037515e-03         14231                  1            11
51  6.279886e-03        140310                 15           151
52  6.279886e-03        140310                 15           151
53  6.279886e-03         14231                  1             5
54  7.455027e-03         72894                  4            14
55  7.655673e-03        155022                  3            21
56  7.929740e-03         41325                  5            35
57  7.929740e-03         46924                  2            17
58  7.929740e-03        210599                 23           266
59  7.929740e-03        137485                  7            46
61  8.090653e-03        172807                  5            54
62  8.762307e-03        101011                 10            58
63  8.939809e-03        144839                 14           149
64  8.980305e-03         83924                  2            13
65  8.980305e-03         83924                  2            13
68  9.404521e-03        156554                 23           283
69  9.404521e-03         83924                  2            14
70  9.404521e-03         83924                  2            14
74  9.906372e-03         77114                  3            23
75  9.906372e-03         98828                  9            52
76  9.906372e-03         47826                  3            13
77  9.906372e-03        131397                  8            83
78  1.012536e-02        162234                 13           157
79  1.058458e-02        242348                  3            13
81  1.176265e-02        101939                  2            22
82  1.176265e-02        101939                  2            22
83  1.256147e-02        148427                 16           203
84  1.304063e-02        135217                 12            84
85  1.304063e-02        117766                 10           121
86  1.450925e-02         14231                  1             8
87  1.450925e-02        129778                 10            95
88  1.450925e-02        142475                 29           379
89  1.450925e-02         53817                  4            25
90  1.450925e-02        173727                  6            21
91  1.450925e-02        173727                  6            21
92  1.450925e-02        173727                  6            21
94  1.551915e-02        117559                 15           134
95  1.584189e-02         84913                  5            63
96  1.608864e-02         99651                  8            60
97  1.647954e-02         41054                  4            25
98  1.885440e-02        182822                 13           120
99  1.938919e-02         77648                  7            63
100 1.938919e-02         94300                  9            70
101 2.035069e-02        135808                 12            81
102 2.107058e-02        172991                 17           201
103 2.109274e-02        157054                  5            31
104 2.109274e-02         86351                  3            16
110 2.118113e-02         93139                  8            58
111 2.157698e-02         82465                  2            15
112 2.190032e-02         14231                  1            11
114 2.293772e-02         95235                  3            18
115 2.293772e-02         43696                  3            14
116 2.373957e-02        212653                 22           283
117 2.381196e-02        136236                 11            73
119 2.443385e-02        345739                  3            11
120 2.507909e-02         98748                  7            46
122 2.507909e-02         51095                  3            32
123 2.547143e-02        284884                  3            13
124 2.578827e-02        157054                  5            33
125 2.606675e-02         12533                  2            15
126 2.606675e-02        182572                 12           122
128 2.668466e-02         98457                  3            43
129 2.674948e-02        150026                  6            43
131 2.745855e-02         94300                  9            78
132 2.745855e-02        212653                 22           288
133 2.745855e-02        122930                  3            37
134 2.745855e-02        122930                  3            38
135 2.745855e-02         17858                  2            13
136 2.745855e-02         14231                  1            11
137 2.745855e-02        114077                  2            33
138 2.769892e-02         98416                  7            62
141 2.952269e-02        105174                  4            15
142 2.990147e-02         69125                  4            30
143 3.048750e-02         71624                  3            22
144 3.048750e-02        105045                  4            57
145 3.048750e-02        100707                  4            48
146 3.048750e-02        311745                  4            25
147 3.180815e-02        181336                  7            83
148 3.198052e-02        311745                  4            26
149 3.198052e-02        116369                  3            14
151 3.210024e-02        113167                  4            39
153 3.221546e-02        197363                 16           143
155 3.225827e-02        118560                 24           309
156 3.225827e-02         68093                  9           101
157 3.346292e-02        157973                  9            67
158 3.392225e-02        271044                  7            43
159 3.394606e-02        236055                  5            24
160 3.394606e-02        270071                  3            29
161 3.394606e-02        141694                 30           422
162 3.394606e-02        236426                  9            81
163 3.394606e-02         66030                  4            35
164 3.394606e-02        145427                 55           886
165 3.394606e-02        133955                 12           153
166 3.394606e-02        218456                 62           937
167 3.419258e-02        271044                  7            46
168 3.432191e-02         70081                  4            31
169 3.518776e-02        174592                  2            22
172 3.654716e-02        196924                 12           114
173 3.689494e-02        206196                 11            76
174 3.689494e-02        189423                  5            29
175 3.689494e-02         66030                  4            36
176 3.762616e-02        209541                 50           927
178 3.837562e-02        156942                  5            21
180 3.873389e-02        151727                  4            45
181 3.873389e-02        198863                  7            40
182 3.873389e-02        167361                 13           164
183 3.873389e-02        167361                 13           164
184 3.892480e-02        189145                 14           113
185 3.892480e-02         61873                  1             7
186 3.892480e-02        168882                  4            17
187 3.918775e-02        104477                  6            28
189 3.994422e-02         18325                  2            20
190 4.003682e-02        113056                  4            42
191 4.013921e-02        208209                 17           220
192 4.013921e-02        102548                  2            22
193 4.013921e-02        196202                  4             9
194 4.046835e-02        237638                  3            39
195 4.055135e-02        211573                  6            39
196 4.055135e-02        134910                  5            35
197 4.078339e-02        148458                 21           223
198 4.078339e-02        184364                  7            32
199 4.085803e-02        124862                  8            69
200 4.085803e-02        158513                  8            44
201 4.085803e-02        316630                  3             8
203 4.283763e-02         93390                  5            25
204 4.283763e-02        101333                  9            73
205 4.299059e-02        108041                  2            14
207 4.340219e-02        126146                  5            51
208 4.340219e-02        200473                  2             5
209 4.458487e-02         65416                  3            27
210 4.469982e-02        157973                  9            81
211 4.469982e-02        133453                 12           168
214 4.860729e-02        199213                 23           245
215 4.863713e-02        208209                 17           225
    fold_enrichment_hyper p_value_hyper p_adjust_hyper
1                7.495115  6.268533e-06    0.004521702
2                3.846177  4.209326e-03    0.058225269
3                4.059854  2.224065e-01    0.479094572
4                4.059854  2.224065e-01    0.479094572
5                5.347125  3.380252e-05    0.008329122
6                5.413139  5.001999e-02    0.234292752
7                3.479875  2.543401e-01    0.509980366
8                4.059854  8.459900e-02    0.287397538
9                8.119708  2.261227e-02    0.147833712
10               3.321699  2.448572e-04    0.015211582
11               8.857863  7.373888e-04    0.025737249
12               4.474125  1.478294e-04    0.015211582
13               4.298669  2.355806e-03    0.044666379
14               4.059854  8.459900e-02    0.287397538
15               3.676849  1.337815e-03    0.034273254
16               9.134672  3.304020e-03    0.050523077
17               1.972399  3.045226e-03    0.048812713
18               3.479875  2.543401e-01    0.509980366
19               6.089781  3.452058e-03    0.051686154
20               4.059854  8.459900e-02    0.287397538
21               7.307737  6.657403e-03    0.072139002
22               8.119708  4.805668e-03    0.061535298
23               5.219812  8.133323e-04    0.027077709
24               8.119708  2.261227e-02    0.147833712
25               8.119708  2.261227e-02    0.147833712
26               2.706569  5.875646e-02    0.248337868
27               3.247883  1.242764e-01    0.353860730
28               6.959750  3.080528e-02    0.172254821
29               6.959750  3.080528e-02    0.172254821
30               4.428932  7.241246e-02    0.270640008
31               2.865779  1.527147e-01    0.394683185
32               2.865779  1.527147e-01    0.394683185
33               3.343409  7.100715e-05    0.013969043
34               6.643397  1.987380e-04    0.015211582
35               6.643397  1.987380e-04    0.015211582
37               6.089781  3.997236e-02    0.200696491
38               4.567336  2.587223e-02    0.157006980
39               4.298669  3.047999e-02    0.172254821
40               4.059854  3.548847e-02    0.190091714
41               2.664279  1.558982e-02    0.119632544
42               6.089781  3.997236e-02    0.200696491
43               3.747558  4.996169e-06    0.004521702
44               2.795309  1.215699e-02    0.103573719
45               2.435912  1.973099e-01    0.451351719
46               3.747558  9.734884e-02    0.308889860
47               3.479875  5.285793e-02    0.238520429
49               4.298669  3.047999e-02    0.172254821
50               2.214466  3.695039e-01    0.610852818
51               2.419781  1.393737e-03    0.034273254
52               2.419781  1.393737e-03    0.034273254
53               4.871825  1.891075e-01    0.440504438
54               6.959750  2.026971e-03    0.043003572
55               3.479875  5.285793e-02    0.238520429
56               3.479875  1.344308e-02    0.109749854
57               2.865779  1.527147e-01    0.394683185
58               2.106240  6.408014e-04    0.023634151
59               3.706823  2.527017e-03    0.044666379
61               2.255474  6.989525e-02    0.266764778
62               4.199849  1.115101e-04    0.015211582
63               2.288777  3.322620e-03    0.050523077
64               3.747558  9.734884e-02    0.308889860
65               3.747558  9.734884e-02    0.308889860
68               1.979717  1.475841e-03    0.035095823
69               3.479875  1.105953e-01    0.330275916
70               3.479875  1.105953e-01    0.330275916
74               3.177277  6.630453e-02    0.260878177
75               4.216002  2.372170e-04    0.015211582
76               5.621336  1.447488e-02    0.115160451
77               2.347867  2.045857e-02    0.137827993
78               2.016998  1.275262e-02    0.106963862
79               5.621336  1.447488e-02    0.115160451
81               2.214466  2.278268e-01    0.482317650
82               2.214466  2.278268e-01    0.482317650
83               1.919931  9.680313e-03    0.092282803
84               3.479875  1.564150e-04    0.015211582
85               2.013151  2.724048e-02    0.161502437
86               3.044891  2.849640e-01    0.541882422
87               2.564118  5.563558e-03    0.066516794
88               1.863891  9.969248e-04    0.031411674
89               3.897460  1.792069e-02    0.126320460
90               6.959750  1.497023e-04    0.015211582
91               6.959750  1.497023e-04    0.015211582
92               6.959750  1.497023e-04    0.015211582
94               2.726768  4.008374e-04    0.017515221
95               1.933264  1.160540e-01    0.338009237
96               3.247883  3.004460e-03    0.048812713
97               3.897460  1.792069e-02    0.126320460
98               2.638905  1.297356e-03    0.034237535
99               2.706569  1.437741e-02    0.115160451
100              3.131887  2.177737e-03    0.044402317
101              3.608759  1.095183e-04    0.015211582
102              2.060224  3.898047e-03    0.055863400
103              3.928891  8.046308e-03    0.080987021
104              4.567336  2.587223e-02    0.157006980
110              3.359879  2.417938e-03    0.044666379
111              3.247883  1.242764e-01    0.353860730
112              2.214466  3.695039e-01    0.610852818
114              4.059854  3.548847e-02    0.190091714
115              5.219812  1.786977e-02    0.126320460
116              1.893642  3.202199e-03    0.050214198
117              3.670553  1.800962e-04    0.015211582
119              6.643397  8.877408e-03    0.088528620
120              3.706823  2.527017e-03    0.044666379
122              2.283668  1.424687e-01    0.379112151
123              5.621336  1.447488e-02    0.115160451
124              3.690776  1.050919e-02    0.095554183
125              3.247883  1.242764e-01    0.353860730
126              2.395979  4.382027e-03    0.059542433
128              1.699474  2.586260e-01    0.513982761
129              3.398948  7.821132e-03    0.079459761
131              2.810668  4.572676e-03    0.059691236
132              1.860766  3.949475e-03    0.056228053
133              1.975064  1.931525e-01    0.447997947
134              1.923089  2.037831e-01    0.461766082
135              3.747558  9.734884e-02    0.308889860
136              2.214466  3.695039e-01    0.610852818
137              1.476311  3.951341e-01    0.626425061
138              2.750224  1.323382e-02    0.109724124
141              6.495766  2.675050e-03    0.045284818
142              3.247883  3.307353e-02    0.181192713
143              3.321699  5.940135e-02    0.248635423
144              1.709412  2.056694e-01    0.465066392
145              2.029927  1.334212e-01    0.366400430
146              3.897460  1.792069e-02    0.126320460
147              2.054384  5.402569e-02    0.238520429
148              3.747558  2.050860e-02    0.137827993
149              5.219812  1.786977e-02    0.126320460
151              2.498372  7.464558e-02    0.271540271
153              2.725496  2.614068e-04    0.015211582
155              1.891971  2.159488e-03    0.044402317
156              2.170615  2.295953e-02    0.148094170
157              3.272121  1.596364e-03    0.037549249
158              3.965439  1.691773e-03    0.038358471
159              5.074818  2.549429e-03    0.044666379
160              2.519909  1.145698e-01    0.335947232
161              1.731691  2.559441e-03    0.044666379
162              2.706569  5.870952e-03    0.068674267
163              2.783900  5.390552e-02    0.238520429
164              1.512135  1.444960e-03    0.035095823
165              1.910520  2.390249e-02    0.152132322
166              1.611810  1.353145e-04    0.015211582
167              3.706823  2.527017e-03    0.044666379
168              3.143113  3.678127e-02    0.191032312
169              2.214466  2.278268e-01    0.482317650
172              2.564118  2.505781e-03    0.044666379
173              3.525663  2.593106e-04    0.015211582
174              4.199849  6.015427e-03    0.068804172
175              2.706569  5.875646e-02    0.248337868
176              1.313869  2.917443e-02    0.169258615
178              5.799791  1.351438e-03    0.034273254
180              2.165255  1.121093e-01    0.332028060
181              4.262847  1.088667e-03    0.031411674
182              1.930906  1.777303e-02    0.126320460
183              1.930906  1.777303e-02    0.126320460
184              3.017945  2.163270e-04    0.015211582
185              3.479875  2.543401e-01    0.509980366
186              5.731559  4.369308e-03    0.059542433
187              5.219812  8.133323e-04    0.027077709
189              2.435912  1.973099e-01    0.451351719
190              2.319917  9.246914e-02    0.302270732
191              1.882296  9.427511e-03    0.092282803
192              2.214466  2.278268e-01    0.482317650
193             10.826277  3.007256e-04    0.016686413
194              1.873779  2.145445e-01    0.470269200
195              3.747558  4.805454e-03    0.061535298
196              3.479875  1.344308e-02    0.109749854
197              2.293909  3.550035e-04    0.017515221
198              5.328558  2.613012e-04    0.015211582
199              2.824246  7.120923e-03    0.075215743
200              4.428932  3.699994e-04    0.017515221
201              9.134672  3.304020e-03    0.050523077
203              4.871825  3.080629e-03    0.048812713
204              3.003180  2.916288e-03    0.047883753
205              3.479875  1.105953e-01    0.330275916
207              2.388149  5.726608e-02    0.245880534
208              9.743650  1.549327e-02    0.119632544
209              2.706569  9.726811e-02    0.308889860
210              2.706569  5.870952e-03    0.068674267
211              1.739937  4.435555e-02    0.215213925
214              2.286775  1.984457e-04    0.015211582
215              1.840467  1.162059e-02    0.101809581
4view_factor2_opalin - positive - input peaks: 500 
4view_factor2_opalin - positive - significant terms: 0 
4view_factor2_opalin - negative - input peaks: 500 
4view_factor2_opalin - negative - significant terms: 32 
           id
1  GO:0050917
2  GO:0035094
3  GO:0050916
4  GO:0061309
5  GO:0003253
6  GO:0048148
7  GO:0035372
8  GO:0061307
9  GO:0061308
10 GO:0007603
11 GO:0060999
12 GO:0007431
13 GO:0001889
14 GO:0044380
15 GO:0061008
16 GO:0072698
17 GO:0061003
18 GO:0050774
19 GO:0060841
20 GO:0003208
21 GO:0048732
22 GO:0060973
23 GO:0050775
24 GO:0009584
25 GO:0048844
26 GO:0010770
27 GO:0007435
28 GO:0034311
30 GO:0060537
31 GO:0032271
32 GO:0060445
33 GO:0048169
                                                                     description
1                                              sensory perception of umami taste
2                                                           response to nicotine
3                                              sensory perception of sweet taste
4  cardiac neural crest cell development involved in outflow tract morphogenesis
5    cardiac neural crest cell migration involved in outflow tract morphogenesis
6                                                 behavioral response to cocaine
7                                            protein localization to microtubule
8        cardiac neural crest cell differentiation involved in heart development
9            cardiac neural crest cell development involved in heart development
10                                              phototransduction, visible light
11                            positive regulation of dendritic spine development
12                                                    salivary gland development
13                                                             liver development
14                                          protein localization to cytoskeleton
15                                            hepaticobiliary system development
16                              protein localization to microtubule cytoskeleton
17                          positive regulation of dendritic spine morphogenesis
18                                 negative regulation of dendrite morphogenesis
19                                               venous blood vessel development
20                                               cardiac ventricle morphogenesis
21                                                             gland development
22                                  cell migration involved in heart development
23                                 positive regulation of dendrite morphogenesis
24                                                    detection of visible light
25                                                          artery morphogenesis
26                                     positive regulation of cell morphogenesis
27                                                  salivary gland morphogenesis
28                                                        diol metabolic process
30                                                     muscle tissue development
31                                          regulation of protein polymerization
32                            branching involved in salivary gland morphogenesis
33                          regulation of long-term neuronal synaptic plasticity
   genome_fraction observed_region_hits fold_enrichment      p_value
1     0.0003850187                    5       25.972762 1.843054e-06
2     0.0060598055                   14        4.620610 3.395440e-06
3     0.0004691156                    5       21.316708 4.781170e-06
4     0.0019296385                    8        8.291709 7.600039e-06
5     0.0014433932                    7        9.699367 1.043605e-05
6     0.0028243440                    9        6.373161 1.654641e-05
7     0.0023659980                    8        6.762474 3.214699e-05
8     0.0024054608                    8        6.651532 3.607508e-05
9     0.0024054608                    8        6.651532 3.607508e-05
10    0.0018122515                    7        7.725197 4.385221e-05
11    0.0057538863                   12        4.171094 4.468899e-05
12    0.0059829107                   12        4.011425 6.447847e-05
13    0.0159603915                   21        2.631514 7.690148e-05
14    0.0061478447                   12        3.903807 8.304746e-05
15    0.0163674167                   21        2.566074 1.084731e-04
16    0.0053861178                   11        4.084575 1.102207e-04
17    0.0029073645                    8        5.503266 1.323102e-04
18    0.0015475032                    6        7.754426 1.508207e-04
19    0.0023305526                    7        6.007159 2.045935e-04
20    0.0124416893                   17        2.732748 2.357354e-04
21    0.0578227466                   49        1.694835 2.652377e-04
22    0.0024414631                    7        5.734266 2.702599e-04
23    0.0041492686                    9        4.338114 2.962155e-04
24    0.0033018771                    8        4.845728 3.090128e-04
25    0.0116365009                   16        2.749968 3.327474e-04
26    0.0042185383                    9        4.266881 3.336310e-04
27    0.0053240448                   10        3.756542 4.285817e-04
28    0.0044577473                    9        4.037914 4.940829e-04
30    0.0610710058                   50        1.637438 4.978987e-04
31    0.0238219921                   25        2.098901 5.203647e-04
32    0.0035896626                    8        4.457243 5.329220e-04
33    0.0045721985                    9        3.936837 5.906816e-04
      p_adjust mean_tss_dist observed_gene_hits gene_set_size
1  0.003380287        339955                  1             7
2  0.003380287        227786                  9            42
3  0.003380287        339955                  1             7
4  0.004029921         96168                  4            12
5  0.004426973        108942                  3            10
6  0.005849156         91649                  4            15
7  0.008501693        105896                  2            19
8  0.008501693         96168                  4            15
9  0.008501693         96168                  4            15
10 0.008616849        264106                  3            21
11 0.008616849        138235                  6            37
12 0.011396570        138463                  5            35
13 0.012546772        216289                 16           136
14 0.012581690        138692                  5            63
15 0.014611126        216289                 16           139
16 0.014611126        130107                  4            56
17 0.016507641         55422                  3            18
18 0.017771706         64794                  1             8
19 0.022839098         89046                  3            17
20 0.024999737        196853                 11            71
21 0.026055512        209192                 38           421
22 0.026055512        108942                  3            20
23 0.027216592         89195                  4            34
24 0.027216592        279776                  4            32
25 0.027216592        167177                 14            70
26 0.027216592         89195                  4            36
27 0.033667471        142802                  4            31
28 0.036415281        166534                  6            30
30 0.036415281        288322                 39           416
31 0.036462179        178778                 18           190
32 0.036462179        154629                  3            20
33 0.039151118        185535                  8            23
   fold_enrichment_hyper p_value_hyper p_adjust_hyper
1               3.438516  2.570212e-01   0.4120498887
2               5.157774  4.563782e-05   0.0022811565
3               3.438516  2.570212e-01   0.4120498887
4               8.023204  1.119788e-03   0.0144597920
5               7.220884  6.884316e-03   0.0438487545
6               6.418563  2.795269e-03   0.0256656483
7               2.533643  1.856579e-01   0.3305169556
8               6.418563  2.795269e-03   0.0256656483
9               6.418563  2.795269e-03   0.0256656483
10              3.438516  5.443818e-02   0.1537461867
11              3.903180  3.895121e-03   0.0305258720
12              3.438516  1.410585e-02   0.0703965090
13              2.831719  1.679703e-04   0.0051632596
14              1.910287  1.204558e-01   0.2494987385
15              2.770603  2.166356e-04   0.0059531198
16              1.719258  2.028524e-01   0.3506520052
17              4.011602  3.658904e-02   0.1251699192
18              3.008701  2.879012e-01   0.4393081685
19              4.247579  3.143671e-02   0.1134740661
20              3.729095  1.555025e-04   0.0050807285
21              2.172554  6.419426e-06   0.0008509751
22              3.610442  4.809804e-02   0.1436844256
23              2.831719  5.111302e-02   0.1483047638
24              3.008701  4.226395e-02   0.1341943608
25              4.813922  8.995976e-07   0.0002725781
26              2.674401  6.089468e-02   0.1632526675
27              3.105756  3.819193e-02   0.1269672183
28              4.813922  1.272801e-03   0.0154263457
30              2.256526  1.945410e-06   0.0004584682
31              2.280279  9.811223e-04   0.0137270900
32              3.610442  4.809804e-02   0.1436844256
33              8.372039  2.405772e-06   0.0004638765
4view_factor2_plekhg1 - positive - input peaks: 500 
4view_factor2_plekhg1 - positive - significant terms: 1 
4view_factor2_plekhg1 - negative - input peaks: 500 
4view_factor2_plekhg1 - negative - significant terms: 1 
          id                               description genome_fraction
1 GO:0050884 neuromuscular process controlling posture     0.002177949
  observed_region_hits fold_enrichment      p_value   p_adjust mean_tss_dist
1                    8        7.346361 1.797683e-05 0.03615141        215662
  observed_gene_hits gene_set_size fold_enrichment_hyper p_value_hyper
1                  4            17              5.368767   0.005516851
  p_adjust_hyper
1     0.05796352
4view_factor2_opc - positive - input peaks: 500 
4view_factor2_opc - positive - significant terms: 10 
4view_factor2_opc - negative - input peaks: 500 
4view_factor2_opc - negative - significant terms: 4 
          id                   description genome_fraction observed_region_hits
1 GO:0097178               ruffle assembly     0.005212241                   12
2 GO:1900027 regulation of ruffle assembly     0.004568512                   11
3 GO:0031529           ruffle organization     0.006641344                   13
4 GO:0038092       nodal signaling pathway     0.002764236                    8
  fold_enrichment      p_value   p_adjust mean_tss_dist observed_gene_hits
1        4.604545 1.736248e-05 0.02690014        216309                  7
2        4.815573 2.586552e-05 0.02690014        202296                  6
3        3.914870 4.134671e-05 0.02866705        203880                  8
4        5.788217 9.396868e-05 0.04886371        177966                  4
  gene_set_size fold_enrichment_hyper p_value_hyper p_adjust_hyper
1            37              4.565935  0.0007076211    0.008362795
2            27              5.363162  0.0006956381    0.008315674
3            49              3.940282  0.0008364684    0.009258270
4            19              5.080890  0.0068905165    0.040146426

=== Factor 3 ===
4view_factor3_opalin - positive - input peaks: 500 
4view_factor3_opalin - positive - significant terms: 14 
4view_factor3_opalin - negative - input peaks: 500 
4view_factor3_opalin - negative - significant terms: 0 
 [1] id                    description           genome_fraction      
 [4] observed_region_hits  fold_enrichment       p_value              
 [7] p_adjust              mean_tss_dist         observed_gene_hits   
[10] gene_set_size         fold_enrichment_hyper p_value_hyper        
[13] p_adjust_hyper       
<0 rows> (or 0-length row.names)
4view_factor3_opc - positive - input peaks: 500 
4view_factor3_opc - positive - significant terms: 3 
4view_factor3_opc - negative - input peaks: 500 
4view_factor3_opc - negative - significant terms: 0 
 [1] id                    description           genome_fraction      
 [4] observed_region_hits  fold_enrichment       p_value              
 [7] p_adjust              mean_tss_dist         observed_gene_hits   
[10] gene_set_size         fold_enrichment_hyper p_value_hyper        
[13] p_adjust_hyper       
<0 rows> (or 0-length row.names)
4view_factor3_plekhg1 - positive - input peaks: 500 
4view_factor3_plekhg1 - positive - significant terms: 0 
4view_factor3_plekhg1 - negative - input peaks: 500 
4view_factor3_plekhg1 - negative - significant terms: 0 
 [1] id                    description           genome_fraction      
 [4] observed_region_hits  fold_enrichment       p_value              
 [7] p_adjust              mean_tss_dist         observed_gene_hits   
[10] gene_set_size         fold_enrichment_hyper p_value_hyper        
[13] p_adjust_hyper       
<0 rows> (or 0-length row.names)
4view_factor3_bulk - positive - input peaks: 500 
4view_factor3_bulk - positive - significant terms: 481 
4view_factor3_bulk - negative - input peaks: 500 
4view_factor3_bulk - negative - significant terms: 231 
            id
1   GO:0099537
2   GO:0099536
3   GO:0007268
4   GO:0098916
5   GO:0007267
6   GO:0007269
7   GO:0099643
8   GO:0006836
9   GO:0006470
10  GO:1900034
11  GO:0090084
12  GO:0060706
13  GO:0060710
14  GO:0060717
15  GO:0034605
16  GO:0090083
17  GO:0045109
18  GO:1903867
19  GO:0050804
20  GO:0099177
21  GO:1904491
22  GO:0000380
23  GO:0000381
24  GO:0016311
25  GO:0009408
26  GO:0035845
27  GO:1903348
28  GO:0035773
29  GO:0070841
30  GO:0006376
31  GO:0060713
32  GO:0048024
33  GO:0023061
34  GO:0060669
35  GO:0009266
36  GO:0048025
37  GO:0050686
38  GO:0061523
39  GO:0045104
40  GO:0045103
41  GO:0030900
42  GO:0048026
43  GO:0050685
44  GO:0033119
45  GO:0071321
46  GO:0070305
47  GO:0090394
48  GO:0050684
49  GO:0015816
50  GO:0006457
51  GO:2000810
52  GO:0060711
53  GO:0035092
54  GO:0021872
55  GO:0032940
56  GO:0140352
57  GO:1904714
58  GO:0021895
59  GO:0042391
60  GO:0036005
61  GO:0046903
62  GO:0035095
63  GO:0099565
64  GO:0051046
65  GO:0060079
66  GO:0000245
67  GO:0021879
68  GO:0007289
69  GO:1901798
70  GO:0060078
71  GO:0035864
72  GO:0030073
73  GO:0001678
74  GO:0039529
75  GO:0098815
76  GO:0009306
77  GO:0009914
78  GO:0035592
79  GO:0071692
81  GO:0071333
82  GO:0043484
83  GO:0030072
84  GO:0060294
85  GO:0015820
86  GO:0071331
87  GO:0001539
88  GO:0060285
89  GO:0060080
90  GO:0021536
92  GO:0002790
93  GO:0033120
94  GO:0095500
95  GO:0001958
96  GO:0036075
97  GO:0009169
98  GO:0015812
99  GO:1904293
100 GO:0003341
101 GO:0071326
102 GO:0007193
103 GO:0061684
104 GO:0042593
105 GO:0030317
106 GO:0015803
107 GO:0033500
108 GO:0009128
109 GO:0097722
110 GO:0046785
111 GO:0015833
112 GO:0098926
113 GO:0045494
114 GO:1905145
115 GO:0001892
116 GO:0021537
117 GO:0046879
118 GO:0071805
119 GO:1904612
120 GO:1905144
121 GO:0001508
122 GO:0097011
123 GO:0097012
124 GO:0060041
125 GO:1903428
126 GO:0046040
127 GO:0043652
128 GO:0015695
129 GO:0051259
130 GO:0036006
131 GO:0021554
132 GO:0000377
133 GO:0000398
134 GO:0007281
135 GO:0051260
136 GO:0003006
138 GO:0042886
139 GO:1903008
140 GO:0000375
141 GO:0046069
142 GO:0042461
143 GO:0010817
144 GO:0015824
146 GO:0071322
147 GO:0022618
148 GO:1903311
149 GO:0002693
150 GO:0015838
151 GO:1990573
152 GO:0007271
153 GO:0071826
154 GO:0022412
155 GO:0001895
156 GO:1903312
157 GO:0006813
158 GO:0048791
159 GO:0070830
160 GO:0015697
161 GO:0009158
162 GO:0043117
163 GO:0007196
164 GO:0010496
165 GO:0098609
167 GO:0009642
168 GO:0031644
169 GO:0007274
170 GO:0048513
171 GO:0099560
172 GO:1901381
174 GO:1904292
175 GO:0071466
176 GO:0010754
177 GO:0031340
178 GO:0007520
179 GO:0009749
180 GO:0007420
181 GO:0098662
182 GO:0030001
183 GO:0099010
184 GO:0120192
185 GO:0021761
186 GO:0007216
187 GO:0002753
188 GO:0141161
190 GO:2000344
192 GO:0009746
194 GO:0071625
196 GO:0031338
199 GO:0001701
200 GO:0140374
201 GO:0006812
203 GO:0043297
204 GO:0061512
205 GO:0042476
206 GO:0099563
207 GO:0060322
208 GO:0000768
209 GO:0140253
210 GO:0051049
211 GO:0031629
212 GO:0051939
213 GO:0099500
214 GO:0007632
216 GO:0031632
217 GO:0099502
218 GO:1901634
219 GO:0009125
220 GO:0060046
221 GO:0015804
223 GO:0060402
224 GO:0050877
225 GO:0021854
226 GO:0034284
227 GO:0006949
228 GO:0045956
229 GO:0065003
231 GO:0010752
232 GO:0098659
233 GO:0099587
234 GO:0007188
235 GO:0022607
236 GO:0060546
237 GO:0021543
238 GO:0031630
239 GO:1901632
240 GO:0007610
241 GO:0006997
242 GO:0042475
243 GO:1900452
244 GO:0120255
247 GO:0009628
248 GO:0062099
251 GO:0022038
                                                                             description
1                                                               trans-synaptic signaling
2                                                                     synaptic signaling
3                                                         chemical synaptic transmission
4                                                   anterograde trans-synaptic signaling
5                                                                    cell-cell signaling
6                                                             neurotransmitter secretion
7                                                            signal release from synapse
8                                                             neurotransmitter transport
9                                                              protein dephosphorylation
10                                               regulation of cellular response to heat
11                                        negative regulation of inclusion body assembly
12                       cell differentiation involved in embryonic placenta development
13                                                               chorio-allantoic fusion
14                                                                   chorion development
15                                                             cellular response to heat
16                                                 regulation of inclusion body assembly
17                                                    intermediate filament organization
18                                                   extraembryonic membrane development
19                                          modulation of chemical synaptic transmission
20                                                regulation of trans-synaptic signaling
21                                       protein localization to ciliary transition zone
22                                            alternative mRNA splicing, via spliceosome
23                              regulation of alternative mRNA splicing, via spliceosome
24                                                                     dephosphorylation
25                                                                      response to heat
26                                         photoreceptor cell outer segment organization
27                             positive regulation of bicellular tight junction assembly
28                   insulin secretion involved in cellular response to glucose stimulus
29                                                               inclusion body assembly
30                                                          mRNA splice site recognition
31                                                      labyrinthine layer morphogenesis
32                                          regulation of mRNA splicing, via spliceosome
33                                                                        signal release
34                                                      embryonic placenta morphogenesis
35                                                      response to temperature stimulus
36                                 negative regulation of mRNA splicing, via spliceosome
37                                                negative regulation of mRNA processing
38                                                                    cilium disassembly
39                                       intermediate filament cytoskeleton organization
40                                                   intermediate filament-based process
41                                                                 forebrain development
42                                 positive regulation of mRNA splicing, via spliceosome
43                                                positive regulation of mRNA processing
44                                                   negative regulation of RNA splicing
45                                                             cellular response to cGMP
46                                                                      response to cGMP
47                              negative regulation of excitatory postsynaptic potential
48                                                         regulation of mRNA processing
49                                                                     glycine transport
50                                                                       protein folding
51                                      regulation of bicellular tight junction assembly
52                                                        labyrinthine layer development
53                                                                sperm DNA condensation
54                                                       forebrain generation of neurons
55                                                                     secretion by cell
56                                                                      export from cell
57                                            regulation of chaperone-mediated autophagy
58                                                cerebral cortex neuron differentiation
59                                                      regulation of membrane potential
60                                      response to macrophage colony-stimulating factor
61                                                                             secretion
62                                                       behavioral response to nicotine
63                                          chemical synaptic transmission, postsynaptic
64                                                               regulation of secretion
65                                                     excitatory postsynaptic potential
66                                                         spliceosomal complex assembly
67                                                      forebrain neuron differentiation
68                                                     spermatid nucleus differentiation
69                      positive regulation of signal transduction by p53 class mediator
70                                         regulation of postsynaptic membrane potential
71                                                             response to potassium ion
72                                                                     insulin secretion
73                                                     intracellular glucose homeostasis
74                                                               RIG-I signaling pathway
75                                       modulation of excitatory postsynaptic potential
76                                                                     protein secretion
77                                                                     hormone transport
78                         establishment of protein localization to extracellular region
79                                          protein localization to extracellular region
81                                                 cellular response to glucose stimulus
82                                                            regulation of RNA splicing
83                                                             peptide hormone secretion
84                                             cilium movement involved in cell motility
85                                                                   L-leucine transport
86                                                  cellular response to hexose stimulus
87                                           cilium or flagellum-dependent cell motility
88                                                        cilium-dependent cell motility
89                                                     inhibitory postsynaptic potential
90                                                              diencephalon development
92                                                                     peptide secretion
93                                                   positive regulation of RNA splicing
94                                              acetylcholine receptor signaling pathway
95                                                             endochondral ossification
96                                                              replacement ossification
97                                 purine ribonucleoside monophosphate catabolic process
98                                                     gamma-aminobutyric acid transport
99                                                   negative regulation of ERAD pathway
100                                                                      cilium movement
101                                         cellular response to monosaccharide stimulus
102            adenylate cyclase-inhibiting G protein-coupled receptor signaling pathway
103                                                         chaperone-mediated autophagy
104                                                                  glucose homeostasis
105                                                           flagellated sperm motility
106                                                  branched-chain amino acid transport
107                                                             carbohydrate homeostasis
108                                    purine nucleoside monophosphate catabolic process
109                                                                       sperm motility
110                                                           microtubule polymerization
111                                                                    peptide transport
112                                                     postsynaptic signal transduction
113                                                       photoreceptor cell maintenance
114                                                   cellular response to acetylcholine
115                                                       embryonic placenta development
116                                                            telencephalon development
117                                                                    hormone secretion
118                                                potassium ion transmembrane transport
119                                        response to 2,3,7,8-tetrachlorodibenzodioxine
120                                                            response to acetylcholine
121                                                                     action potential
122       cellular response to granulocyte macrophage colony-stimulating factor stimulus
123                         response to granulocyte macrophage colony-stimulating factor
124                                                retina development in camera-type eye
125                  positive regulation of reactive oxygen species biosynthetic process
126                                                                IMP metabolic process
127                                                         engulfment of apoptotic cell
128                                                             organic cation transport
129                                                      protein complex oligomerization
130                   cellular response to macrophage colony-stimulating factor stimulus
131                                                              optic nerve development
132 RNA splicing, via transesterification reactions with bulged adenosine as nucleophile
133                                                       mRNA splicing, via spliceosome
134                                                                germ cell development
135                                                          protein homooligomerization
136                                       developmental process involved in reproduction
138                                                                      amide transport
139                                                                organelle disassembly
140                                      RNA splicing, via transesterification reactions
141                                                               cGMP catabolic process
142                                                       photoreceptor cell development
143                                                         regulation of hormone levels
144                                                                    proline transport
146                                           cellular response to carbohydrate stimulus
147                                                         protein-RNA complex assembly
148                                                 regulation of mRNA metabolic process
149                                        positive regulation of cellular extravasation
150                                                         amino-acid betaine transport
151                                          potassium ion import across plasma membrane
152                                                   synaptic transmission, cholinergic
153                                                     protein-RNA complex organization
154                  cellular process involved in reproduction in multicellular organism
155                                                                   retina homeostasis
156                                        negative regulation of mRNA metabolic process
157                                                              potassium ion transport
158                                 calcium ion-regulated exocytosis of neurotransmitter
159                                                   bicellular tight junction assembly
160                                                  quaternary ammonium group transport
161                                       ribonucleoside monophosphate catabolic process
162                                         positive regulation of vascular permeability
163  adenylate cyclase-inhibiting G protein-coupled glutamate receptor signaling pathway
164                                                              intercellular transport
165                                                                   cell-cell adhesion
167                                                          response to light intensity
168                                                 regulation of nervous system process
169                                                  neuromuscular synaptic transmission
170                                                             animal organ development
171                                                           synaptic membrane adhesion
172                         positive regulation of potassium ion transmembrane transport
174                                                           regulation of ERAD pathway
175                                             cellular response to xenobiotic stimulus
176                                       negative regulation of cGMP-mediated signaling
177                                                positive regulation of vesicle fusion
178                                                                      myoblast fusion
179                                                                  response to glucose
180                                                                    brain development
181                                             inorganic cation transmembrane transport
182                                                                  metal ion transport
183                                               modification of postsynaptic structure
184                                                              tight junction assembly
185                                                            limbic system development
186                               G protein-coupled glutamate receptor signaling pathway
187                           cytoplasmic pattern recognition receptor signaling pathway
188                                           regulation of cAMP/PKA signal transduction
190                                             positive regulation of acrosome reaction
192                                                                   response to hexose
194                                                                vocalization behavior
196                                                         regulation of vesicle fusion
199                                                       in utero embryonic development
200                                                     antiviral innate immune response
201                                                          monoatomic cation transport
203                                                             apical junction assembly
204                                                       protein localization to cilium
205                                                                        odontogenesis
206                                                   modification of synaptic structure
207                                                                     head development
208                                        syncytium formation by plasma membrane fusion
209                                                                     cell-cell fusion
210                                                              regulation of transport
211                          synaptic vesicle fusion to presynaptic active zone membrane
212                                                       gamma-aminobutyric acid import
213                                                    vesicle fusion to plasma membrane
214                                                                      visual behavior
216   positive regulation of synaptic vesicle fusion to presynaptic active zone membrane
217                              calcium-dependent activation of synaptic vesicle fusion
218                        positive regulation of synaptic vesicle membrane organization
219                                           nucleoside monophosphate catabolic process
220                                                      regulation of acrosome reaction
221                                                         neutral amino acid transport
223                                                   calcium ion transport into cytosol
224                                                               nervous system process
225                                                             hypothalamus development
226                                                           response to monosaccharide
227                                                                  syncytium formation
228                              positive regulation of calcium ion-dependent exocytosis
229                                                  protein-containing complex assembly
231                                                regulation of cGMP-mediated signaling
232                                       inorganic cation import across plasma membrane
233                                          inorganic ion import across plasma membrane
234            adenylate cyclase-modulating G protein-coupled receptor signaling pathway
235                                                          cellular component assembly
236                                           negative regulation of necroptotic process
237                                                                  pallium development
238            regulation of synaptic vesicle fusion to presynaptic active zone membrane
239                                 regulation of synaptic vesicle membrane organization
240                                                                             behavior
241                                                                 nucleus organization
242                                             odontogenesis of dentin-containing tooth
243                                          regulation of long-term synaptic depression
244                                               olefinic compound biosynthetic process
247                                                         response to abiotic stimulus
248                                negative regulation of programmed necrotic cell death
251                                                          corpus callosum development
    genome_fraction observed_region_hits fold_enrichment      p_value
1      0.1197548368                  144        2.404913 4.880000e-24
2      0.1239023306                  147        2.372837 4.998346e-24
3      0.1188493090                  143        2.406409 7.058093e-24
4      0.1188493090                  143        2.406409 7.058093e-24
5      0.1740381330                  171        1.965087 1.296178e-19
6      0.0232748594                   47        4.038693 1.548267e-15
7      0.0232748594                   47        4.038693 1.548267e-15
8      0.0309604902                   54        3.488317 4.289101e-15
9      0.0126602886                   31        4.897203 1.025532e-12
10     0.0024068395                   15       12.464479 3.333587e-12
11     0.0024955506                   15       12.021395 5.510922e-12
12     0.0031710859                   16       10.091181 1.413434e-11
13     0.0029189404                   15       10.277702 4.772232e-11
14     0.0034607384                   16        9.246582 5.017554e-11
15     0.0068403876                   21        6.140003 9.201586e-11
16     0.0032386021                   15        9.263256 1.962353e-10
17     0.0038155119                   16        8.386817 2.035413e-10
18     0.0038742422                   16        8.259680 2.530537e-10
19     0.0861733549                   86        1.995977 7.060083e-10
20     0.0862117845                   86        1.995087 7.212191e-10
21     0.0008571518                    9       20.999781 8.566348e-10
22     0.0120539515                   26        4.313938 9.927029e-10
23     0.0103291836                   24        4.647027 1.060141e-09
24     0.0200269568                   33        3.295558 4.465753e-09
25     0.0096120499                   22        4.577588 6.863995e-09
26     0.0011015332                    9       16.340860 7.354016e-09
27     0.0011442813                    9       15.730397 1.016651e-08
28     0.0126948504                   25        3.938605 1.226128e-08
29     0.0045222877                   15        6.633811 1.641800e-08
30     0.0060778835                   17        5.594053 2.157315e-08
31     0.0053364607                   16        5.996484 2.188351e-08
32     0.0135681157                   25        3.685110 4.339149e-08
33     0.0648989386                   66        2.033932 4.580261e-08
34     0.0057319491                   16        5.582743 5.741713e-08
35     0.0163621828                   27        3.300293 1.123482e-07
36     0.0026083095                   11        8.434582 1.297693e-07
37     0.0026501528                   11        8.301408 1.517432e-07
38     0.0020981460                   10        9.532225 1.600738e-07
39     0.0062455334                   16        5.123662 1.795818e-07
40     0.0062791230                   16        5.096253 1.927199e-07
41     0.0618079092                   62        2.006216 1.964929e-07
42     0.0029150868                   11        7.546945 3.846625e-07
43     0.0029621570                   11        7.427020 4.492694e-07
44     0.0029897390                   11        7.358502 4.914225e-07
45     0.0013529761                    8       11.825782 5.701265e-07
46     0.0014058798                    8       11.380774 7.572777e-07
47     0.0024983397                   10        8.005317 7.684371e-07
48     0.0159057782                   25        3.143512 7.928190e-07
49     0.0014193888                    8       11.272458 8.127039e-07
50     0.0227837936                   31        2.721233 8.143004e-07
51     0.0020786899                    9        8.659300 1.452991e-06
52     0.0083183506                   17        4.087349 1.619140e-06
53     0.0021360576                    9        8.426739 1.810310e-06
54     0.0167362883                   25        2.987520 1.936243e-06
55     0.1003550074                   84        1.674057 2.181621e-06
56     0.1119603041                   91        1.625576 2.536812e-06
57     0.0007451948                    6       16.103172 2.632745e-06
58     0.0044284207                   12        5.419539 3.483591e-06
59     0.0737842633                   66        1.788999 3.909818e-06
60     0.0030526601                   10        6.551663 4.462537e-06
61     0.1152118865                   92        1.597057 4.537893e-06
62     0.0012735335                    7       10.993037 4.671586e-06
63     0.0188067919                   26        2.764959 4.769816e-06
64     0.0776547300                   68        1.751342 5.544813e-06
65     0.0168675808                   24        2.845696 6.911367e-06
66     0.0094669610                   17        3.591438 8.676592e-06
67     0.0162619712                   23        2.828685 1.175369e-05
68     0.0027092380                    9        6.643935 1.196505e-05
69     0.0028294912                    9        6.361568 1.678201e-05
70     0.0244320109                   29        2.373935 2.325291e-05
71     0.0029891713                    9        6.021736 2.565323e-05
72     0.0326197823                   35        2.145937 2.733763e-05
73     0.0248260729                   29        2.336254 3.088413e-05
74     0.0031001702                    9        5.806133 3.393254e-05
75     0.0095202658                   16        3.361251 3.474123e-05
76     0.0471947693                   45        1.906991 3.510522e-05
77     0.0443553105                   43        1.938888 3.620239e-05
78     0.0473416004                   45        1.901076 3.774772e-05
79     0.0476136278                   45        1.890215 4.313062e-05
81     0.0203126776                   25        2.461517 4.791917e-05
82     0.0203845229                   25        2.452841 5.065358e-05
83     0.0366094732                   37        2.021335 5.566883e-05
84     0.0145072756                   20        2.757237 6.092439e-05
85     0.0008128956                    5       12.301703 6.488834e-05
86     0.0208078099                   25        2.402944 6.980854e-05
87     0.0146974616                   20        2.721558 7.251773e-05
88     0.0146974616                   20        2.721558 7.251773e-05
89     0.0026897996                    8        5.948399 7.799740e-05
90     0.0113484780                   17        2.995996 8.080947e-05
92     0.0374315663                   37        1.976941 8.688804e-05
93     0.0052758178                   11        4.169970 9.216512e-05
94     0.0082411506                   14        3.397584 9.448666e-05
95     0.0035562377                    9        5.061529 9.566197e-05
96     0.0035562377                    9        5.061529 9.566197e-05
97     0.0008974125                    5       11.143148 1.027921e-04
98     0.0036137296                    9        4.981004 1.077841e-04
99     0.0014642518                    6        8.195312 1.120673e-04
100    0.0176613183                   22        2.491320 1.136464e-04
101    0.0214819435                   25        2.327536 1.139190e-04
102    0.0165361098                   21        2.539896 1.246167e-04
103    0.0014959961                    6        8.021411 1.257776e-04
104    0.0367234066                   36        1.960602 1.269094e-04
105    0.0129714766                   18        2.775320 1.295559e-04
106    0.0009439042                    5       10.594296 1.298367e-04
107    0.0367697032                   36        1.958134 1.300126e-04
108    0.0009473036                    5       10.556278 1.320084e-04
109    0.0130254591                   18        2.763818 1.362480e-04
110    0.0120057423                   17        2.831978 1.564585e-04
111    0.0401685496                   38        1.892027 1.679047e-04
112    0.0087326032                   14        3.206375 1.706477e-04
113    0.0047374264                   10        4.221701 1.723958e-04
114    0.0087573429                   14        3.197317 1.755897e-04
115    0.0122027414                   17        2.786259 1.888006e-04
116    0.0463562043                   42        1.812055 1.909663e-04
117    0.0434274311                   40        1.842154 1.952504e-04
118    0.0333357485                   33        1.979857 2.030312e-04
119    0.0016439344                    6        7.299561 2.082033e-04
120    0.0089606901                   14        3.124759 2.211092e-04
121    0.0306806527                   31        2.020818 2.228658e-04
122    0.0016856712                    6        7.118826 2.378222e-04
123    0.0016856712                    6        7.118826 2.378222e-04
124    0.0253428933                   27        2.130775 2.503735e-04
125    0.0024714531                    7        5.664684 2.906502e-04
126    0.0011389693                    5        8.779868 3.067542e-04
127    0.0011562822                    5        8.648408 3.284650e-04
128    0.0140360634                   18        2.564822 3.313856e-04
129    0.0314158729                   31        1.973525 3.318211e-04
130    0.0025466589                    7        5.497399 3.472532e-04
131    0.0042542169                    9        4.231096 3.543746e-04
132    0.0259363033                   27        2.082024 3.568162e-04
133    0.0259363033                   27        2.082024 3.568162e-04
134    0.0359364218                   34        1.892231 3.670369e-04
135    0.0248284929                   26        2.094368 4.183083e-04
136    0.0963792512                   72        1.494098 4.204360e-04
138    0.0436903567                   39        1.785291 4.294864e-04
139    0.0063315122                   11        3.474683 4.304078e-04
140    0.0262946537                   27        2.053649 4.389199e-04
141    0.0019103091                    6        6.281706 4.587428e-04
142    0.0063838411                   11        3.446201 4.604740e-04
143    0.0641570936                   52        1.621021 4.827510e-04
144    0.0012600849                    5        7.935973 4.839860e-04
146    0.0238408257                   25        2.097243 5.262184e-04
147    0.0199005469                   22        2.210995 5.681853e-04
148    0.0340796091                   32        1.877956 6.148223e-04
149    0.0028339623                    7        4.940080 6.497712e-04
150    0.0013491721                    5        7.411953 6.568299e-04
151    0.0066729720                   11        3.296882 6.601184e-04
152    0.0037129512                    8        4.309241 6.622662e-04
153    0.0202531134                   22        2.172505 7.126038e-04
154    0.0390546181                   35        1.792362 7.838892e-04
155    0.0057686720                   10        3.467002 7.871726e-04
156    0.0102798602                   14        2.723772 8.397712e-04
157    0.0363245756                   33        1.816952 8.800638e-04
158    0.0029996569                    7        4.667200 9.017324e-04
159    0.0058790712                   10        3.401898 9.067614e-04
160    0.0014842827                    5        6.737261 1.002063e-03
161    0.0015018724                    5        6.658355 1.055313e-03
162    0.0022593377                    6        5.311291 1.085980e-03
163    0.0023043142                    6        5.207623 1.199723e-03
164    0.0015527997                    5        6.439981 1.221331e-03
165    0.1142779038                   80        1.400096 1.320675e-03
167    0.0032630367                    7        4.290482 1.454287e-03
168    0.0187384737                   20        2.134646 1.499989e-03
169    0.0052454750                    9        3.431529 1.520170e-03
170    0.3281317076                  196        1.194642 1.558519e-03
171    0.0052865518                    9        3.404866 1.602083e-03
172    0.0042772143                    8        3.740752 1.613388e-03
174    0.0033379905                    7        4.194140 1.651852e-03
175    0.0163112626                   18        2.207064 1.777680e-03
176    0.0025303892                    6        4.742353 1.915467e-03
177    0.0025356054                    6        4.732598 1.935100e-03
178    0.0088486090                   12        2.712291 1.989111e-03
179    0.0263961002                   25        1.894219 2.099874e-03
180    0.1026840791                   72        1.402360 2.255006e-03
181    0.1044433770                   73        1.397887 2.274999e-03
182    0.1096628420                   76        1.386067 2.293026e-03
183    0.0078606047                   11        2.798767 2.377396e-03
184    0.0067232215                   10        2.974764 2.402680e-03
185    0.0154686488                   17        2.197994 2.453334e-03
186    0.0035893943                    7        3.900379 2.470381e-03
187    0.0182166961                   19        2.085998 2.502771e-03
188    0.0079145978                   11        2.779674 2.503543e-03
190    0.0018462490                    5        5.416388 2.577477e-03
192    0.0269087406                   25        1.858132 2.691463e-03
194    0.0036931189                    7        3.790834 2.886920e-03
196    0.0037194768                    7        3.763970 3.000861e-03
199    0.0472068589                   38        1.609936 3.091823e-03
200    0.0047612790                    8        3.360442 3.094781e-03
201    0.1285601192                   86        1.337895 3.126903e-03
203    0.0070332953                   10        2.843617 3.296840e-03
204    0.0059111847                    9        3.045075 3.345022e-03
205    0.0187323491                   19        2.028576 3.373532e-03
206    0.0082580022                   11        2.664083 3.438269e-03
207    0.1080930133                   74        1.369191 3.560434e-03
208    0.0107749783                   13        2.412998 3.561833e-03
209    0.0107749783                   13        2.412998 3.561833e-03
210    0.1925318243                  121        1.256935 3.670194e-03
211    0.0038681566                    7        3.619295 3.709337e-03
212    0.0020209780                    5        4.948099 3.775491e-03
213    0.0038945606                    7        3.594757 3.847399e-03
214    0.0108800797                   13        2.389688 3.857936e-03
216    0.0020391531                    5        4.903997 3.919568e-03
217    0.0020391531                    5        4.903997 3.919568e-03
218    0.0020391531                    5        4.903997 3.919568e-03
219    0.0020448980                    5        4.890219 3.965915e-03
220    0.0020556534                    5        4.864633 4.053734e-03
221    0.0061001678                    9        2.950739 4.094032e-03
223    0.0050024917                    8        3.198406 4.147561e-03
224    0.1460427662                   95        1.300989 4.194168e-03
225    0.0020772670                    5        4.814018 4.234399e-03
226    0.0279455821                   25        1.789192 4.328069e-03
227    0.0110540387                   13        2.352082 4.391593e-03
228    0.0030104477                    6        3.986118 4.455217e-03
229    0.1644372607                  105        1.277083 4.475479e-03
231    0.0030513187                    6        3.932726 4.750073e-03
232    0.0193739364                   19        1.961398 4.795821e-03
233    0.0193739364                   19        1.961398 4.795821e-03
234    0.0374003400                   31        1.657739 4.811174e-03
235    0.3224566117                  189        1.172251 4.940139e-03
236    0.0021630613                    5        4.623078 5.008387e-03
237    0.0298742295                   26        1.740631 5.179436e-03
238    0.0031118552                    6        3.856221 5.212828e-03
239    0.0031118552                    6        3.856221 5.212828e-03
240    0.0924310488                   64        1.384816 5.247600e-03
241    0.0167181344                   17        2.033720 5.256168e-03
242    0.0126338101                   14        2.216275 5.300523e-03
243    0.0022009409                    5        4.543511 5.380082e-03
244    0.0031536807                    6        3.805078 5.551285e-03
247    0.1314715263                   86        1.308268 5.663000e-03
248    0.0022291014                    5        4.486113 5.668743e-03
251    0.0053157130                    8        3.009944 5.903034e-03
        p_adjust mean_tss_dist observed_gene_hits gene_set_size
1   3.354359e-21        156189                 73           721
2   3.354359e-21        155870                 76           750
3   3.354359e-21        157227                 72           713
4   3.354359e-21        157227                 72           713
5   4.928067e-17        160336                 96          1206
6   4.204650e-13        220728                 13           147
7   4.204650e-13        220728                 13           147
8   1.019198e-12        197558                 15           201
9   2.166151e-10        308691                  5            78
10  6.337149e-10        651520                  1            13
11  9.523876e-10        651520                  1             8
12  2.239115e-09        611795                  2            24
13  6.813122e-09        651520                  1             7
14  6.813122e-09        636085                  2            10
15  1.166148e-08        517421                  2            51
16  2.276070e-08        651520                  1            17
17  2.276070e-08        610819                  2            48
18  2.672528e-08        636085                  2            13
19  6.855188e-08        130406                 48           475
20  6.855188e-08        130406                 48           476
21  7.754584e-08        140195                  1             7
22  8.577856e-08        127977                  9            81
23  8.762292e-08        134775                  7            65
24  3.537248e-07        325989                  7           134
25  5.219381e-07        497008                  3            84
26  5.376917e-07        140195                  1            14
27  7.157977e-07        140195                  1             8
28  8.324535e-07        357954                  2            69
29  1.076228e-06        651520                  1            25
30  1.341953e-06        135817                  5            30
31  1.341953e-06        611795                  2            23
32  2.577726e-06        132418                  8           105
33  2.638508e-06        213265                 25           463
34  3.210293e-06        611795                  2            26
35  6.102115e-06        428586                  7           154
36  6.852540e-06        188065                  2            22
37  7.796318e-06        188065                  2            23
38  8.007905e-06        537325                  1            13
39  8.753460e-06        610819                  2            66
40  9.110559e-06        610819                  2            67
41  9.110559e-06        137134                 39           383
42  1.741056e-05        181630                  2            25
43  1.986188e-05        181630                  2            28
44  2.123169e-05        188065                  2            27
45  2.408468e-05         43654                  3             7
46  3.095970e-05         43654                  3             9
47  3.095970e-05        199286                  1             9
48  3.095970e-05        132418                  8           125
49  3.095970e-05         13679                  2            15
50  3.095970e-05        475727                  9           193
51  5.415951e-05        140195                  1            19
52  5.919202e-05        578507                  3            45
53  6.493206e-05         47653                  1            15
54  6.816293e-05        145358                 12            86
55  7.540477e-05        227787                 38           784
56  8.611569e-05        214895                 43           857
57  8.780436e-05         37255                  1             8
58  1.141777e-04         36734                  4            27
59  1.259757e-04        104577                 38           434
60  1.413880e-04         78152                  3            16
61  1.414186e-04        215989                 45           912
62  1.432369e-04         56296                  2             8
63  1.439273e-04        112599                 11           112
64  1.646983e-04        246177                 29           569
65  2.021309e-04        117254                  9           103
66  2.499121e-04        135817                  5            72
67  3.334889e-04        135233                 10            77
68  3.344936e-04         47653                  1            26
69  4.623567e-04         47653                  1            33
70  6.314825e-04        124508                 15           142
71  6.868561e-04         20320                  2            19
72  7.217893e-04        307383                  9           188
73  8.042567e-04        315497                  3           144
74  8.716995e-04        167941                  2            24
75  8.780925e-04        151181                  6            45
76  8.780925e-04        291010                 14           335
77  8.937758e-04        297832                 15           301
78  9.199797e-04        291010                 14           338
79  1.037865e-03        291010                 14           344
81  1.138679e-03        357954                  2           123
82  1.188796e-03        132418                  8           170
83  1.290566e-03        294705                 10           227
84  1.395389e-03         96966                  9           195
85  1.468485e-03         21716                  2             9
86  1.561248e-03        357954                  2           126
87  1.584554e-03         96966                  9           198
88  1.584554e-03         96966                  9           198
89  1.684921e-03         62470                  4            15
90  1.726054e-03        133172                 10            76
92  1.835269e-03        294705                 10           234
93  1.925339e-03        181630                  2            38
94  1.934611e-03        123954                  9            42
95  1.934611e-03         74146                  4            31
96  1.934611e-03         74146                  4            31
97  2.056924e-03        138091                  2             9
98  2.134350e-03         57187                  4            17
99  2.187475e-03        323814                  2             7
100 2.187475e-03         96319                 11           242
101 2.187475e-03        357954                  2           128
102 2.353848e-03        105794                 12            88
103 2.353848e-03         37255                  1            16
104 2.353848e-03        283953                  9           231
105 2.353848e-03        102765                  8           178
106 2.353848e-03         21716                  2            12
107 2.353848e-03        283953                  9           232
108 2.367433e-03        138091                  2            10
109 2.420630e-03        102765                  8           179
110 2.753959e-03        469716                  4           100
111 2.928320e-03        297933                 11           256
112 2.949102e-03        123954                  9            50
113 2.952472e-03        138032                  2            42
114 2.980322e-03        123954                  9            44
115 3.176193e-03        578507                  3            81
116 3.184448e-03        149220                 27           265
117 3.227574e-03        304097                 13           291
118 3.327261e-03         64097                 19           187
119 3.382858e-03         57736                  1             8
120 3.560234e-03        123954                  9            48
121 3.560234e-03         74537                 18           163
122 3.736364e-03         57736                  1            11
123 3.736364e-03         57736                  1            11
124 3.901312e-03        158043                  9           168
125 4.492081e-03         69946                  3            19
126 4.702740e-03        138091                  2            16
127 4.966866e-03         61232                  1            11
128 4.966866e-03         67085                  7           108
129 4.966866e-03         71910                 17           249
130 5.157252e-03         63549                  2            13
131 5.177920e-03         69413                  3            19
132 5.177920e-03        153258                 10           283
133 5.177920e-03        153258                 10           283
134 5.285888e-03        122838                 15           357
135 5.964543e-03         72869                 12           188
136 5.964543e-03        288093                 34           927
138 6.016214e-03        290501                 12           300
139 6.016214e-03        491589                  2            80
140 6.090414e-03        153258                 10           287
141 6.297561e-03         57736                  1             5
142 6.297561e-03        159874                  3            50
143 6.525230e-03        290328                 22           481
144 6.525230e-03         21716                  2            12
146 7.044656e-03        357954                  2           137
147 7.553289e-03        114226                 10           185
148 8.116508e-03        135279                 13           291
149 8.506541e-03        318245                  4            15
150 8.506541e-03        102660                  2            11
151 8.506541e-03          7019                  5            45
152 8.506541e-03        171760                  3            29
153 9.091676e-03        114226                 10           194
154 9.910034e-03        146318                 16           390
155 9.910034e-03        138032                  2            56
156 1.050266e-02        212565                  5           102
157 1.093465e-02         64097                 19           217
158 1.112099e-02         14200                  4            14
159 1.112099e-02        127978                  2            61
160 1.221104e-02        102660                  2            14
161 1.277802e-02        138091                  2            14
162 1.306613e-02         57736                  1            14
163 1.434386e-02         60592                  3             8
164 1.451094e-02        103817                  1            10
165 1.559381e-02        304478                 44           814
167 1.706543e-02         25985                  2            17
168 1.749374e-02        126242                 10           112
169 1.762100e-02         44808                  4            29
170 1.795603e-02        198772                125          2782
171 1.834675e-02        104005                  5            32
172 1.836557e-02         82074                  3            28
174 1.869149e-02        309760                  3            25
175 1.999627e-02         66890                  7           163
176 2.141943e-02         57736                  1             6
177 2.151242e-02         91393                  4            19
178 2.198430e-02         71148                  4            45
179 2.307434e-02        357954                  2           173
180 2.463659e-02        144771                 47           702
181 2.471299e-02         81923                 48           756
182 2.476728e-02         93352                 49           792
183 2.553350e-02         53660                  5            33
184 2.566009e-02        127978                  2            66
185 2.605468e-02        104999                 12           116
186 2.608997e-02         89049                  4            14
187 2.614964e-02        139791                 11           196
188 2.614964e-02        109246                  4            41
190 2.677477e-02        140442                  3             9
192 2.780691e-02        357954                  2           178
194 2.966505e-02        443982                  4            20
196 3.067009e-02         84946                  5            30
199 3.129350e-02        384385                 15           391
200 3.129350e-02        150863                  3            66
201 3.145102e-02        101183                 54           952
203 3.298575e-02        127978                  2            70
204 3.329261e-02        140195                  1            74
205 3.340148e-02        252856                 11           124
206 3.386606e-02         53660                  5            40
207 3.454615e-02        137759                 50           752
208 3.454615e-02         88493                  5            56
209 3.454615e-02         88493                  5            56
210 3.541644e-02        191537                 72          1462
211 3.561338e-02         50010                  5            28
212 3.606638e-02         42262                  2             6
213 3.648724e-02         50010                  5            29
214 3.648724e-02        108040                  4            58
216 3.652499e-02         56212                  3            12
217 3.652499e-02         56212                  3            12
218 3.652499e-02         56212                  3            12
219 3.677661e-02        138091                  2            18
220 3.740849e-02        140442                  3            13
221 3.759785e-02         18968                  3            53
223 3.790631e-02        133232                  5            29
224 3.814886e-02        208647                 54          1108
225 3.833139e-02        115373                  4            26
226 3.899365e-02        357954                  2           185
227 3.937933e-02         88493                  5            59
228 3.975647e-02         49676                  3            16
229 3.975647e-02        171407                 69          1474
231 4.195432e-02         57736                  1            13
232 4.195432e-02         20055                 10           114
233 4.195432e-02         20055                 10           114
234 4.195432e-02        100949                 21           247
235 4.288221e-02        208458                119          2895
236 4.327702e-02        507929                  2            15
237 4.440878e-02        152241                 20           180
238 4.440878e-02         54554                  4            19
239 4.440878e-02         54554                  4            19
240 4.440878e-02        164045                 40           636
241 4.440878e-02        147433                  5           146
242 4.458537e-02        249209                  8            86
243 4.505523e-02        103817                  1            11
244 4.628506e-02        418370                  4            30
247 4.685339e-02        247222                 41          1067
248 4.685339e-02        507929                  2            17
251 4.857864e-02         67686                  2            26
    fold_enrichment_hyper p_value_hyper p_adjust_hyper
1               2.8829839  2.195243e-16   1.970110e-13
2               2.8854061  4.705779e-17   8.945686e-14
3               2.8753955  4.145417e-16   1.970110e-13
4               2.8753955  4.145417e-16   1.970110e-13
5               2.2666191  1.871767e-14   7.116456e-12
6               2.5181445  2.046927e-03   3.237393e-02
7               2.5181445  2.046927e-03   3.237393e-02
8               2.1249554  4.983288e-03   5.811797e-02
9               1.8252822  1.390783e-01   4.513977e-01
10              2.1903387  3.718211e-01   6.715101e-01
11              3.5593003  2.487879e-01   5.760607e-01
12              2.3728669  2.055653e-01   5.444448e-01
13              4.0677718  2.214338e-01   5.580766e-01
14              5.6948805  4.596349e-02   2.518641e-01
15              1.1166432  5.390824e-01   7.944153e-01
16              1.6749649  4.555940e-01   7.314900e-01
17              1.1864334  5.064363e-01   7.726608e-01
18              4.3806773  7.436542e-02   3.234981e-01
19              2.8774133  4.488847e-11   1.312075e-08
20              2.8713683  4.831418e-11   1.312075e-08
21              4.0677718  2.214338e-01   5.580766e-01
22              3.1638225  2.101209e-03   3.249085e-02
23              3.0664741  7.598853e-03   7.766354e-02
24              1.4874688  1.922785e-01   5.261611e-01
25              1.0169430  5.699260e-01   8.141676e-01
26              2.0338859  3.938995e-01   6.912556e-01
27              3.5593003  2.487879e-01   5.760607e-01
28              0.8253450  7.026612e-01   8.958812e-01
29              1.1389761  5.911571e-01   8.293651e-01
30              4.7457338  3.613101e-03   4.736899e-02
31              2.4760350  1.926397e-01   5.261611e-01
32              2.1694783  3.150861e-02   1.925977e-01
33              1.5374947  2.244329e-02   1.568555e-01
34              2.1903387  2.316620e-01   5.660533e-01
35              1.2942910  2.974901e-01   6.131448e-01
36              2.5885821  1.798271e-01   5.102257e-01
37              2.4760350  1.926397e-01   5.261611e-01
38              2.1903387  3.718211e-01   6.715101e-01
39              0.8628607  6.792045e-01   8.795314e-01
40              0.8499822  6.871867e-01   8.838578e-01
41              2.8994823  2.550087e-09   3.729012e-07
42              2.2779522  2.185801e-01   5.566794e-01
43              2.0338859  2.579455e-01   5.814485e-01
44              2.1092150  2.447903e-01   5.760607e-01
45             12.2033155  1.356879e-03   2.410680e-02
46              9.4914676  3.089367e-03   4.193638e-02
47              3.1638225  2.751826e-01   5.984032e-01
48              1.8223618  7.343646e-02   3.230825e-01
49              3.7965870  9.564799e-02   3.710752e-01
50              1.3278219  2.387422e-01   5.731829e-01
51              1.4986528  4.931996e-01   7.622891e-01
52              1.8982935  2.094401e-01   5.454025e-01
53              1.8982935  4.152032e-01   7.066260e-01
54              3.9731725  4.485998e-05   1.983228e-03
55              1.3801369  2.796233e-02   1.793937e-01
56              1.4287040  1.187737e-02   1.040502e-01
57              3.5593003  2.487879e-01   5.760607e-01
58              4.2184300  1.390567e-02   1.144359e-01
59              2.4931505  2.277551e-07   2.164812e-05
60              5.3389505  1.715370e-02   1.339825e-01
61              1.4049870  1.341684e-02   1.118659e-01
62              7.1186007  2.995475e-02   1.872439e-01
63              2.7965931  1.939526e-03   3.206120e-02
64              1.4512437  2.913248e-02   1.852202e-01
65              2.4880546  1.028548e-02   9.400337e-02
66              1.9773891  1.086274e-01   3.955952e-01
67              3.6979744  3.488279e-04   9.210024e-03
68              1.0951693  6.055369e-01   8.420817e-01
69              0.8628607  6.930065e-01   8.866574e-01
70              3.0078594  1.424633e-04   4.751276e-03
71              2.9973056  1.423280e-01   4.570364e-01
72              1.3631363  2.166655e-01   5.562803e-01
73              0.5932167  8.855412e-01   9.821551e-01
74              2.3728669  2.055653e-01   5.444448e-01
75              3.7965870  4.647381e-03   5.676804e-02
76              1.1899750  2.902439e-01   6.089997e-01
77              1.4189902  1.106633e-01   3.991857e-01
78              1.1794131  3.014420e-01   6.148512e-01
79              1.1588420  3.241925e-01   6.309356e-01
81              0.4629984  9.332655e-01   9.928023e-01
82              1.3399719  2.486210e-01   5.760607e-01
83              1.2543790  2.766946e-01   5.984032e-01
84              1.3142032  2.477900e-01   5.760607e-01
85              6.3276451  3.763058e-02   2.187595e-01
86              0.4519746  9.388962e-01   9.932029e-01
87              1.2942910  2.615739e-01   5.856914e-01
88              1.2942910  2.615739e-01   5.856914e-01
89              7.5931741  1.508643e-03   2.607209e-02
90              3.7466319  3.131895e-04   8.755488e-03
92              1.2168548  3.081986e-01   6.169225e-01
93              1.4986528  3.875725e-01   6.873173e-01
94              6.1016577  1.207869e-05   6.560455e-04
95              3.6741165  2.233987e-02   1.567088e-01
96              3.6741165  2.233987e-02   1.567088e-01
97              6.3276451  3.763058e-02   2.187595e-01
98              6.6998595  2.487619e-03   3.694503e-02
99              8.1355436  2.299469e-02   1.594626e-01
100             1.2942910  2.322596e-01   5.660583e-01
101             0.4449125  9.423964e-01   9.932029e-01
102             3.8828731  5.653384e-05   2.286613e-03
103             1.7796502  4.357593e-01   7.181003e-01
104             1.1093923  4.235022e-01   7.129716e-01
105             1.2797484  2.887168e-01   6.078080e-01
106             4.7457338  6.438182e-02   3.036969e-01
107             1.1046105  4.285227e-01   7.149637e-01
108             5.6948805  4.596349e-02   2.518641e-01
109             1.2725990  2.938432e-01   6.116450e-01
110             1.1389761  4.682204e-01   7.433537e-01
111             1.2235095  2.897445e-01   6.086236e-01
112             5.1253925  5.284386e-05   2.232360e-03
113             1.3559239  4.368267e-01   7.181003e-01
114             5.8243096  1.803833e-05   8.792531e-04
115             1.0546075  5.451517e-01   7.988021e-01
116             2.9011656  7.377684e-07   6.374990e-05
117             1.2720524  2.249357e-01   5.604229e-01
118             2.8931211  3.332207e-05   1.570934e-03
119             3.5593003  2.487879e-01   5.760607e-01
120             5.3389505  3.765423e-05   1.704302e-03
121             3.1444126  1.740441e-05   8.792531e-04
122             2.5885821  3.252267e-01   6.309356e-01
123             2.5885821  3.252267e-01   6.309356e-01
124             1.5254144  1.377659e-01   4.490543e-01
125             4.4959583  2.746521e-02   1.784731e-01
126             3.5593003  1.068615e-01   3.929277e-01
127             2.5885821  3.252267e-01   6.309356e-01
128             1.8455631  8.587254e-02   3.501469e-01
129             1.9440355  7.042822e-03   7.438002e-02
130             4.3806773  7.436542e-02   3.234981e-01
131             4.4959583  2.746521e-02   1.784731e-01
132             1.0061626  5.374923e-01   7.939183e-01
133             1.0061626  5.374923e-01   7.939183e-01
134             1.1964035  2.744325e-01   5.984032e-01
135             1.8175151  3.379408e-02   2.030908e-01
136             1.0443686  4.215680e-01   7.123563e-01
138             1.1389761  3.639471e-01   6.678219e-01
139             0.7118601  7.767170e-01   9.347469e-01
140             0.9921395  5.554883e-01   8.064963e-01
141             5.6948805  1.637065e-01   4.916368e-01
142             1.7084642  2.562995e-01   5.807215e-01
143             1.3023635  1.252736e-01   4.253200e-01
144             4.7457338  6.438182e-02   3.036969e-01
146             0.4156847  9.559187e-01   9.972094e-01
147             1.5391569  1.173055e-01   4.155496e-01
148             1.2720524  2.249357e-01   5.604229e-01
149             7.5931741  1.508643e-03   2.607209e-02
150             5.1771641  5.489803e-02   2.768200e-01
151             3.1638225  2.016983e-02   1.457903e-01
152             2.9456279  8.022860e-02   3.427294e-01
153             1.4677527  1.460530e-01   4.639430e-01
154             1.1681806  2.971382e-01   6.131448e-01
155             1.0169430  5.900942e-01   8.290976e-01
156             1.3958041  2.884237e-01   6.078080e-01
157             2.4931505  2.429873e-04   7.106444e-03
158             8.1355436  1.137717e-03   2.141386e-02
159             0.9335870  6.367865e-01   8.593571e-01
160             4.0677718  8.480215e-02   3.496939e-01
161             4.0677718  8.480215e-02   3.496939e-01
162             2.0338859  3.938995e-01   6.912556e-01
163            10.6779010  2.114508e-03   3.249085e-02
164             2.8474403  3.006514e-01   6.148512e-01
165             1.5391569  3.023525e-03   4.193638e-02
167             3.3499297  1.184035e-01   4.160536e-01
168             2.5423574  6.050184e-03   6.648208e-02
169             3.9275038  1.781281e-02   1.365410e-01
170             1.2794034  1.642645e-03   2.788097e-02
171             4.4491254  4.819997e-03   5.715622e-02
172             3.0508289  7.377179e-02   3.230825e-01
174             3.4169283  5.589486e-02   2.799343e-01
175             1.2228271  3.484709e-01   6.520111e-01
176             4.7457338  1.930853e-01   5.266216e-01
177             5.9946111  3.831823e-03   4.921822e-02
178             2.5310580  7.240571e-02   3.230825e-01
179             0.3291838  9.853140e-01   9.999934e-01
180             1.9064059  1.738634e-05   8.792531e-04
181             1.8078986  5.415089e-05   2.237844e-03
182             1.7616739  8.596141e-05   3.204170e-03
183             4.3143034  5.519722e-03   6.245828e-02
184             0.8628607  6.792045e-01   8.795314e-01
185             2.9456279  7.782278e-04   1.643790e-02
186             8.1355436  1.137717e-03   2.141386e-02
187             1.5980532  8.545721e-02   3.501469e-01
188             2.7779905  5.479894e-02   2.768200e-01
190             9.4914676  3.089367e-03   4.193638e-02
192             0.3199371  9.874320e-01   9.999934e-01
194             5.6948805  4.658503e-03   5.676804e-02
196             4.7457338  3.613101e-03   4.736899e-02
199             1.0923684  4.002264e-01   6.920998e-01
200             1.2942910  4.103370e-01   7.040168e-01
201             1.6151447  3.427193e-04   9.176188e-03
203             0.8135544  7.101569e-01   9.024120e-01
204             0.3847892  9.294523e-01   9.909640e-01
205             2.5259551  4.293699e-03   5.300209e-02
206             3.5593003  1.252385e-02   1.070829e-01
207             1.8932449  1.122048e-05   6.273568e-04
208             2.5423574  4.623912e-02   2.518641e-01
209             2.5423574  4.623912e-02   2.518641e-01
210             1.4022962  2.060624e-03   3.237393e-02
211             5.0847148  2.639785e-03   3.801690e-02
212             9.4914676  1.681246e-02   1.326161e-01
213             4.9093798  3.098996e-03   4.193638e-02
214             1.9637519  1.460674e-01   4.639430e-01
216             7.1186007  7.479054e-03   7.727001e-02
217             7.1186007  7.479054e-03   7.727001e-02
218             7.1186007  7.479054e-03   7.727001e-02
219             3.1638225  1.302372e-01   4.369326e-01
220             6.5710160  9.472050e-03   8.870132e-02
221             1.6117586  2.850689e-01   6.061701e-01
223             4.9093798  3.098996e-03   4.193638e-02
224             1.3877416  8.995392e-03   8.593086e-02
225             4.3806773  1.217623e-02   1.052137e-01
226             0.3078314  9.899050e-01   9.999934e-01
227             2.4130850  5.572319e-02   2.799343e-01
228             5.3389505  1.715370e-02   1.339825e-01
229             1.3329266  8.304813e-03   8.265681e-02
231             2.1903387  3.718211e-01   6.715101e-01
232             2.4977546  6.839420e-03   7.345614e-02
233             2.4977546  6.839420e-03   7.345614e-02
234             2.4209006  1.759335e-04   5.574160e-03
235             1.1704504  3.263966e-02   1.975039e-01
236             3.7965870  9.564799e-02   3.710752e-01
237             3.1638225  5.473835e-06   3.716343e-04
238             5.9946111  3.831823e-03   4.921822e-02
239             5.9946111  3.831823e-03   4.921822e-02
240             1.7908429  2.755739e-04   7.937363e-03
241             0.9751508  5.858559e-01   8.275971e-01
242             2.6487816  1.061158e-02   9.606009e-02
243             2.5885821  3.252267e-01   6.309356e-01
244             3.7965870  1.999738e-02   1.456515e-01
247             1.0941429  2.955317e-01   6.119888e-01
248             3.3499297  1.184035e-01   4.160536e-01
251             2.1903387  2.316620e-01   5.660533e-01

=== Factor 4 ===
4view_factor4_bulk - positive - input peaks: 500 
4view_factor4_bulk - positive - significant terms: 756 
4view_factor4_bulk - negative - input peaks: 500 
4view_factor4_bulk - negative - significant terms: 142 
            id
1   GO:0030193
2   GO:1900046
3   GO:0050818
4   GO:0061041
5   GO:0048170
6   GO:0002329
7   GO:0046580
8   GO:1903034
9   GO:0060441
10  GO:0015820
11  GO:0051294
12  GO:2000646
13  GO:0061003
14  GO:0046578
15  GO:0015803
16  GO:0006751
17  GO:1901748
18  GO:0060670
19  GO:1900451
20  GO:0033209
21  GO:0060999
22  GO:2000822
23  GO:0007596
24  GO:0051058
25  GO:0050869
26  GO:1903365
27  GO:0021631
28  GO:0050817
29  GO:0007599
30  GO:2000644
32  GO:0060425
33  GO:0060998
34  GO:0007413
35  GO:0106030
36  GO:2000010
37  GO:0031915
38  GO:0003418
39  GO:0051647
40  GO:0048593
41  GO:0007265
42  GO:0061138
43  GO:0060462
44  GO:0060463
45  GO:0097104
46  GO:2000008
48  GO:0010496
49  GO:0060294
50  GO:0051293
51  GO:0060536
52  GO:0050775
55  GO:0001539
56  GO:0060285
57  GO:0001763
60  GO:0060916
61  GO:0051653
62  GO:0010770
63  GO:0044273
65  GO:0090160
66  GO:0006691
67  GO:0051299
68  GO:1900449
69  GO:0034394
70  GO:0010463
71  GO:0045292
72  GO:0021934
73  GO:0002637
74  GO:0048706
75  GO:0003433
77  GO:0046007
78  GO:0002053
79  GO:1903035
80  GO:0061045
81  GO:0070664
82  GO:0061001
85  GO:0010988
86  GO:0002327
87  GO:0002700
88  GO:0043009
89  GO:0060669
90  GO:0045109
91  GO:0048102
93  GO:0048169
94  GO:0031069
95  GO:0060592
96  GO:0010984
97  GO:0009792
98  GO:0001818
99  GO:0030317
100 GO:0048592
101 GO:0010803
102 GO:0097722
103 GO:0048730
104 GO:0002887
106 GO:1990535
107 GO:0007288
108 GO:0043393
109 GO:1903265
110 GO:0003413
111 GO:0043301
114 GO:0042219
115 GO:0002639
116 GO:0008285
117 GO:0021602
118 GO:0010464
119 GO:0050864
120 GO:0060996
121 GO:0006896
122 GO:0071356
124 GO:0060484
125 GO:0010544
126 GO:0002702
127 GO:0035082
128 GO:0022038
129 GO:0003416
130 GO:0060713
131 GO:0003341
132 GO:0050858
133 GO:0010543
134 GO:0021535
135 GO:0030324
136 GO:1904707
137 GO:0070286
138 GO:0002357
139 GO:0060997
140 GO:0030888
141 GO:0030323
142 GO:1904705
145 GO:0050878
146 GO:0120193
147 GO:0048562
148 GO:1990874
149 GO:0099175
150 GO:0003417
151 GO:0048568
152 GO:0034612
153 GO:0006508
154 GO:0021952
155 GO:0070663
157 GO:0046006
158 GO:0070102
159 GO:0060541
160 GO:0048754
                                                                    description
1                                               regulation of blood coagulation
2                                                      regulation of hemostasis
3                                                     regulation of coagulation
4                                                   regulation of wound healing
5                 positive regulation of long-term neuronal synaptic plasticity
6                                                    pre-B cell differentiation
7                        negative regulation of Ras protein signal transduction
8                                            regulation of response to wounding
9                      epithelial tube branching involved in lung morphogenesis
10                                                          L-leucine transport
11                                         establishment of spindle orientation
12                            positive regulation of receptor catabolic process
13                         positive regulation of dendritic spine morphogenesis
14                                regulation of Ras protein signal transduction
15                                          branched-chain amino acid transport
16                                                glutathione catabolic process
17                                             leukotriene D4 metabolic process
18                       branching involved in labyrinthine layer morphogenesis
19                  positive regulation of glutamate receptor signaling pathway
20                             tumor necrosis factor-mediated signaling pathway
21                           positive regulation of dendritic spine development
22                                       regulation of behavioral fear response
23                                                            blood coagulation
24             negative regulation of small GTPase mediated signal transduction
25                                     negative regulation of B cell activation
26                                                  regulation of fear response
27                                                    optic nerve morphogenesis
28                                                                  coagulation
29                                                                   hemostasis
30                                     regulation of receptor catabolic process
32                                                           lung morphogenesis
33                                    regulation of dendritic spine development
34                                                         axonal fasciculation
35                                              neuron projection fasciculation
36                  positive regulation of protein localization to cell surface
37                                   positive regulation of synaptic plasticity
38                           growth plate cartilage chondrocyte differentiation
39                                                         nucleus localization
40                                                camera-type eye morphogenesis
41                                              Ras protein signal transduction
42                                      morphogenesis of a branching epithelium
43                                                        lung lobe development
44                                                      lung lobe morphogenesis
45                                               postsynaptic membrane assembly
46                           regulation of protein localization to cell surface
48                                                      intercellular transport
49                                    cilium movement involved in cell motility
50                                        establishment of spindle localization
51                                                      cartilage morphogenesis
52                                positive regulation of dendrite morphogenesis
55                                  cilium or flagellum-dependent cell motility
56                                               cilium-dependent cell motility
57                                       morphogenesis of a branching structure
60                  mesenchymal cell proliferation involved in lung development
61                                                         spindle localization
62                                    positive regulation of cell morphogenesis
63                                            sulfur compound catabolic process
65                                                  Golgi to lysosome transport
66                                                leukotriene metabolic process
67                                                        centrosome separation
68                           regulation of glutamate receptor signaling pathway
69                                         protein localization to cell surface
70                                               mesenchymal cell proliferation
71                                           mRNA cis splicing, via spliceosome
72                                          hindbrain tangential cell migration
73                                      regulation of immunoglobulin production
74                                        embryonic skeletal system development
75          chondrocyte development involved in endochondral bone morphogenesis
77                        negative regulation of activated T cell proliferation
78                        positive regulation of mesenchymal cell proliferation
79                                  negative regulation of response to wounding
80                                         negative regulation of wound healing
81                               negative regulation of leukocyte proliferation
82                                  regulation of dendritic spine morphogenesis
85                     regulation of low-density lipoprotein particle clearance
86                                              immature B cell differentiation
87            regulation of production of molecular mediator of immune response
88                                               chordate embryonic development
89                                             embryonic placenta morphogenesis
90                                           intermediate filament organization
91                                                        autophagic cell death
93                         regulation of long-term neuronal synaptic plasticity
94                                                  hair follicle morphogenesis
95                                                      mammary gland formation
96                                 regulation of lipoprotein particle clearance
97                           embryo development ending in birth or egg hatching
98                                   negative regulation of cytokine production
99                                                   flagellated sperm motility
100                                                           eye morphogenesis
101              regulation of tumor necrosis factor-mediated signaling pathway
102                                                              sperm motility
103                                                     epidermis morphogenesis
104                  negative regulation of myeloid leukocyte mediated immunity
106                                               neuron projection maintenance
107                                                      sperm axoneme assembly
108                                               regulation of protein binding
109     positive regulation of tumor necrosis factor-mediated signaling pathway
110     chondrocyte differentiation involved in endochondral bone morphogenesis
111                              negative regulation of leukocyte degranulation
114                                       modified amino acid catabolic process
115                            positive regulation of immunoglobulin production
116                        negative regulation of cell population proliferation
117                                                 cranial nerve morphogenesis
118                                regulation of mesenchymal cell proliferation
119                                             regulation of B cell activation
120                                                 dendritic spine development
121                                                  Golgi to vacuole transport
122                                  cellular response to tumor necrosis factor
124                                      lung-associated mesenchyme development
125                                  negative regulation of platelet activation
126  positive regulation of production of molecular mediator of immune response
127                                                            axoneme assembly
128                                                 corpus callosum development
129                                                    endochondral bone growth
130                                            labyrinthine layer morphogenesis
131                                                             cilium movement
132          negative regulation of antigen receptor-mediated signaling pathway
133                                           regulation of platelet activation
134                                                 cell migration in hindbrain
135                                                            lung development
136 positive regulation of vascular associated smooth muscle cell proliferation
137                                            axonemal dynein complex assembly
138                                              defense response to tumor cell
139                                               dendritic spine morphogenesis
140                                          regulation of B cell proliferation
141                                                respiratory tube development
142          regulation of vascular associated smooth muscle cell proliferation
145                                             regulation of body fluid levels
146                                                 tight junction organization
147                                               embryonic organ morphogenesis
148                        vascular associated smooth muscle cell proliferation
149                                      regulation of postsynapse organization
150                                          growth plate cartilage development
151                                                 embryonic organ development
152                                           response to tumor necrosis factor
153                                                                 proteolysis
154                       central nervous system projection neuron axonogenesis
155                                       regulation of leukocyte proliferation
157                                regulation of activated T cell proliferation
158                                    interleukin-6-mediated signaling pathway
159                                              respiratory system development
160                               branching morphogenesis of an epithelial tube
    genome_fraction observed_region_hits fold_enrichment      p_value
1      0.0072018713                   18        4.998701 4.455225e-08
2      0.0074482754                   18        4.833334 7.297812e-08
3      0.0077249228                   18        4.660241 1.240681e-07
4      0.0142849016                   24        3.360191 4.164384e-07
5      0.0017847580                    9       10.085401 4.191382e-07
6      0.0009214390                    7       15.193627 5.638545e-07
7      0.0041801289                   12        5.741450 1.947351e-06
8      0.0201963737                   28        2.772775 1.957361e-06
9      0.0045027429                   12        5.330085 4.114967e-06
10     0.0008128956                    6       14.762043 4.311504e-06
11     0.0045461616                   12        5.279179 4.528641e-06
12     0.0013212388                    7       10.596117 5.921026e-06
13     0.0033167424                   10        6.030013 9.106472e-06
14     0.0075876051                   15        3.953817 9.671745e-06
15     0.0009439042                    6       12.713155 1.000164e-05
16     0.0005590930                    5       17.886111 1.107972e-05
17     0.0005677016                    5       17.614889 1.191726e-05
18     0.0021916901                    8        7.300302 1.879245e-05
19     0.0011213265                    6       10.701611 2.609458e-05
20     0.0137553742                   20        2.907954 2.956376e-05
21     0.0064606437                   13        4.024367 3.131461e-05
22     0.0023940225                    8        6.683312 3.489738e-05
23     0.0264519137                   30        2.268267 3.853633e-05
24     0.0096098498                   16        3.329917 3.876050e-05
25     0.0024418271                    8        6.552470 4.004225e-05
26     0.0024694553                    8        6.479162 4.329391e-05
27     0.0012353309                    6        9.713996 4.447342e-05
28     0.0269503496                   30        2.226316 5.371411e-05
29     0.0271738627                   30        2.208004 6.213075e-05
30     0.0019289703                    7        7.257758 6.458623e-05
32     0.0070869939                   13        3.668692 7.884074e-05
33     0.0113759998                   17        2.988748 8.316721e-05
34     0.0043372860                   10        4.611179 8.501382e-05
35     0.0043372860                   10        4.611179 8.501382e-05
36     0.0020210844                    7        6.926974 8.608302e-05
37     0.0020257648                    7        6.910970 8.731407e-05
38     0.0020378153                    7        6.870102 9.054975e-05
39     0.0043968395                   10        4.548722 9.492159e-05
40     0.0212954124                   25        2.347924 9.973319e-05
41     0.0162980659                   21        2.576993 1.023936e-04
42     0.0253198035                   28        2.211708 1.056129e-04
43     0.0014965603                    6        8.018387 1.260327e-04
44     0.0014965603                    6        8.018387 1.260327e-04
45     0.0015148206                    6        7.921730 1.345149e-04
46     0.0055304365                   11        3.977986 1.383316e-04
48     0.0015527997                    6        7.727977 1.536042e-04
49     0.0145072756                   19        2.619375 1.763674e-04
50     0.0066878116                   12        3.588618 1.794828e-04
51     0.0010305927                    5        9.703154 1.944638e-04
52     0.0048143035                   10        4.154287 1.957988e-04
55     0.0146974616                   19        2.585480 2.072659e-04
56     0.0146974616                   19        2.585480 2.072659e-04
57     0.0279904486                   29        2.072135 2.358415e-04
60     0.0016935452                    6        7.085728 2.437637e-04
61     0.0069196173                   12        3.468400 2.437760e-04
62     0.0049506702                   10        4.039857 2.438834e-04
63     0.0017213721                    6        6.971183 2.657020e-04
65     0.0011127570                    5        8.986688 2.759732e-04
66     0.0017554727                    6        6.835766 2.946685e-04
67     0.0011361625                    5        8.801558 3.033394e-04
68     0.0017659299                    6        6.795287 3.040299e-04
69     0.0082346286                   13        3.157398 3.327933e-04
70     0.0072350173                   12        3.317200 3.619427e-04
71     0.0025917844                    7        5.401684 3.852428e-04
72     0.0018544672                    6        6.470861 3.929739e-04
73     0.0062944451                   11        3.495145 4.101209e-04
74     0.0143184628                   18        2.514236 4.175832e-04
75     0.0026352706                    7        5.312547 4.249276e-04
77     0.0012298876                    5        8.130824 4.340029e-04
78     0.0053468541                   10        3.740517 4.428646e-04
79     0.0108213032                   15        2.772309 4.652166e-04
80     0.0074490986                   12        3.221866 4.671808e-04
81     0.0075185984                   12        3.192084 5.064524e-04
82     0.0075511022                   12        3.178344 5.257512e-04
85     0.0013311176                    5        7.512484 6.185606e-04
86     0.0028105496                    7        4.981232 6.192174e-04
87     0.0174433586                   20        2.293136 6.427824e-04
88     0.0764543336                   59        1.543405 6.732022e-04
89     0.0057319491                   10        3.489214 7.503972e-04
90     0.0038155119                    8        4.193408 7.881677e-04
91     0.0014243566                    5        7.020714 8.355233e-04
93     0.0048191542                    9        3.735095 8.522121e-04
94     0.0048285647                    9        3.727816 8.637841e-04
95     0.0014458247                    5        6.916468 8.926098e-04
96     0.0021764886                    6        5.513468 8.982790e-04
97     0.0778174830                   59        1.516369 1.022860e-03
98     0.0322184496                   30        1.862287 1.025536e-03
99     0.0129714766                   16        2.466951 1.039510e-03
100    0.0264621119                   26        1.965074 1.042290e-03
101    0.0082045307                   12        2.925213 1.066623e-03
102    0.0130254591                   16        2.456727 1.084403e-03
103    0.0049918322                    9        3.605890 1.085753e-03
104    0.0015189226                    5        6.583614 1.108904e-03
106    0.0022899608                    6        5.240264 1.162479e-03
107    0.0031470451                    7        4.448617 1.185406e-03
108    0.0031517681                    7        4.441951 1.195530e-03
109    0.0023064965                    6        5.202696 1.205465e-03
110    0.0031633041                    7        4.425752 1.220543e-03
111    0.0015745907                    5        6.350857 1.297964e-03
114    0.0032106794                    7        4.360448 1.327592e-03
115    0.0051591414                    9        3.488953 1.358961e-03
116    0.0854682469                   63        1.474232 1.366164e-03
117    0.0041664283                    8        3.840220 1.371237e-03
118    0.0062360484                   10        3.207159 1.399513e-03
119    0.0146474534                   17        2.321223 1.402289e-03
120    0.0186679767                   20        2.142707 1.436035e-03
121    0.0016246841                    5        6.155043 1.487524e-03
122    0.0228833665                   23        2.010194 1.494458e-03
124    0.0016467696                    5        6.072495 1.577260e-03
125    0.0024508899                    6        4.896181 1.634512e-03
126    0.0123137616                   15        2.436299 1.659100e-03
127    0.0075007569                   11        2.933037 1.661904e-03
128    0.0053157130                    9        3.386187 1.662355e-03
129    0.0063891460                   10        3.130309 1.668734e-03
130    0.0053364607                    9        3.373022 1.706334e-03
131    0.0176613183                   19        2.151595 1.784299e-03
132    0.0034242497                    7        4.088487 1.904379e-03
133    0.0065106164                   10        3.071906 1.910942e-03
134    0.0034337879                    7        4.077130 1.934040e-03
135    0.0276939086                   26        1.877669 1.942926e-03
136    0.0044174347                    8        3.622012 1.967086e-03
137    0.0034479427                    7        4.060392 1.978715e-03
138    0.0017357185                    5        5.761303 1.979336e-03
139    0.0101795917                   13        2.554130 2.212523e-03
140    0.0066642535                   10        3.001086 2.257127e-03
141    0.0280279663                   26        1.855290 2.279906e-03
142    0.0078897303                   11        2.788435 2.444788e-03
145    0.0434788303                   36        1.655978 2.517345e-03
146    0.0079491065                   11        2.767607 2.586964e-03
147    0.0343068799                   30        1.748920 2.603764e-03
148    0.0079648367                   11        2.762141 2.625728e-03
149    0.0283442535                   26        1.834587 2.643770e-03
150    0.0036423407                    7        3.843682 2.676780e-03
151    0.0548437660                   43        1.568091 2.727827e-03
152    0.0240655062                   23        1.911450 2.786621e-03
153    0.1404564417                   93        1.324254 2.806536e-03
154    0.0057603296                    9        3.124821 2.828291e-03
155    0.0256086576                   24        1.874366 2.912753e-03
157    0.0037187458                    7        3.764710 2.997655e-03
158    0.0019473726                    5        5.135124 3.230600e-03
159    0.0303330470                   27        1.780237 3.305945e-03
160    0.0215380941                   21        1.950033 3.331423e-03
        p_adjust mean_tss_dist observed_gene_hits gene_set_size
1   7.691894e-05         45486                  8            65
2   7.691894e-05         45486                  8            66
3   8.717853e-05         45486                  8            70
4   1.767086e-04         61831                 12           116
5   1.767086e-04        122779                  2             8
6   1.981009e-04         44351                  2             5
7   5.157646e-04        133692                  5            19
8   5.157646e-04         95093                 15           151
9   8.678522e-04         75314                  6            29
10  8.678522e-04         29085                  2             9
11  8.678522e-04         51734                  4            45
12  1.040127e-03         31727                  3             9
13  1.405564e-03         82932                  4            18
14  1.405564e-03        112609                  6            41
15  1.405564e-03         29085                  2            12
16  1.459754e-03        233064                  2             9
17  1.477741e-03        233064                  2            10
18  2.200805e-03         60994                  2            14
19  2.895125e-03         92691                  1             8
20  3.116021e-03        114795                 11           110
21  3.143391e-03        106014                  5            37
22  3.343803e-03         96945                  2            11
23  3.376362e-03         86946                 20           214
24  3.376362e-03        126562                  7            57
25  3.376362e-03         28961                  4            30
26  3.472221e-03         96945                  2            12
27  3.472221e-03         92691                  1             6
28  4.043905e-03         86946                 20           216
29  4.516263e-03         86946                 20           219
30  4.538259e-03         31727                  3            13
32  5.112724e-03         75951                  7            58
33  5.112724e-03        166815                  8            51
34  5.112724e-03        195881                  5            21
35  5.112724e-03        195881                  5            21
36  5.112724e-03         80548                  2            19
37  5.112724e-03         82020                  2            10
38  5.158888e-03        151427                  2            10
39  5.265650e-03         95280                  6            32
40  5.390707e-03        105683                 13           135
41  5.396145e-03        104883                 10           107
42  5.430048e-03        114655                 15           176
43  6.178536e-03         78644                  3             8
44  6.178536e-03         78644                  3             8
45  6.444487e-03         92691                  1             7
46  6.480069e-03         71191                  5            39
48  7.039078e-03         92691                  1            10
49  7.882286e-03        101890                 11           195
50  7.882286e-03         51734                  4            59
51  8.254876e-03        204130                  1             9
52  8.254876e-03         82932                  4            34
55  8.402242e-03        101890                 11           198
56  8.402242e-03        101890                 11           198
57  9.180469e-03        113460                 16           190
60  9.180469e-03         76616                  3             6
61  9.180469e-03         51734                  4            63
62  9.180469e-03         82932                  4            36
63  9.826312e-03        214024                  3            32
65  1.003020e-02         18208                  1            11
66  1.050648e-02        200003                  3            29
67  1.050648e-02         36691                  2            14
68  1.050648e-02         92691                  1            11
69  1.131497e-02        106371                  7            60
70  1.211072e-02         78601                  7            45
71  1.268893e-02        291802                  4            29
72  1.274445e-02         92691                  1             5
73  1.309901e-02         68553                  6            72
74  1.313829e-02         99434                 13           102
75  1.317276e-02        151427                  2             9
77  1.325910e-02         18208                  1            13
78  1.333655e-02         90921                  6            27
79  1.367802e-02         98754                  9            87
80  1.367802e-02         64967                  7            65
81  1.462468e-02         34105                  6            86
82  1.497680e-02        139866                  6            39
85  1.717513e-02         33507                  3            16
86  1.717513e-02         44351                  2            15
87  1.759721e-02         53264                 10           173
88  1.819372e-02        127738                 40           620
89  2.002326e-02         70386                  4            26
90  2.076822e-02         38174                  8            48
91  2.174424e-02         18208                  1             9
93  2.190809e-02        122779                  2            23
94  2.193804e-02        136619                  6            29
95  2.227732e-02         77374                  2             7
96  2.227732e-02         41625                  4            22
97  2.468705e-02        127738                 40           637
98  2.468705e-02        126570                 17           268
99  2.468705e-02         98864                 10           178
100 2.468705e-02        106247                 14           166
101 2.487791e-02         60548                  8            62
102 2.487791e-02         98864                 10           179
103 2.487791e-02        136619                  6            32
104 2.513516e-02         32699                  3             9
106 2.606921e-02         92691                  1            13
107 2.619712e-02        104021                  2            33
108 2.619712e-02        106538                  3            39
109 2.619712e-02         78373                  2            12
110 2.625412e-02        151427                  2            15
111 2.763745e-02         32699                  3            10
114 2.798563e-02        193685                  4            31
115 2.806377e-02         80020                  4            53
116 2.806377e-02        119772                 46           639
117 2.806377e-02         82363                  3            26
118 2.815262e-02         90921                  6            35
119 2.815262e-02         55585                  8           123
120 2.855813e-02        168055                 11            86
121 2.916961e-02         18208                  1            18
122 2.916961e-02        103614                 14           187
124 3.050334e-02         91952                  3             8
125 3.085694e-02         16975                  3            18
126 3.085694e-02         56395                  6           124
127 3.085694e-02         99628                  4           102
128 3.085694e-02        122528                  3            26
129 3.085694e-02        141286                  3            28
130 3.127784e-02         64591                  3            23
131 3.242502e-02        101890                 11           242
132 3.392227e-02         17849                  3            33
133 3.392227e-02         43537                  6            51
134 3.392227e-02         90702                  2            17
135 3.392227e-02        106391                 18           193
136 3.392227e-02         75704                  4            35
137 3.392227e-02         76196                  2            40
138 3.392227e-02         18208                  1            12
139 3.761289e-02        135538                  7            53
140 3.806418e-02         69756                  5            59
141 3.814319e-02        106391                 18           197
142 4.057962e-02        103495                  6            58
145 4.145752e-02         88061                 23           344
146 4.222021e-02        154925                  5            74
147 4.222021e-02        137749                 18           269
148 4.222021e-02        103495                  6            60
149 4.222021e-02        131924                 15           136
150 4.242595e-02        151427                  2            20
151 4.291238e-02        127288                 27           415
152 4.350131e-02        103614                 14           201
153 4.350131e-02        131531                 70          1347
154 4.351852e-02        135346                  3            29
155 4.449336e-02         59825                 13           235
157 4.546084e-02         37480                  3            37
158 4.864360e-02        114773                  1            18
159 4.942504e-02        103182                 19           221
160 4.945522e-02        143873                 12           146
    fold_enrichment_hyper p_value_hyper p_adjust_hyper
1               2.8722539  0.0063841549     0.12794897
2               2.8287349  0.0069993636     0.13225375
3               2.6670929  0.0099159329     0.15956326
4               2.4141789  0.0040892308     0.10141292
5               5.8342657  0.0432378040     0.29401707
6               9.3348252  0.0168192166     0.20259948
7               6.1413324  0.0010031607     0.06636624
8               2.3182513  0.0021152143     0.08257170
9               4.8283578  0.0012364996     0.06636624
10              5.1860140  0.0540425579     0.32312277
11              2.0744056  0.1257619374     0.44195049
12              7.7790210  0.0054211653     0.11781254
13              5.1860140  0.0063264559     0.12794897
14              3.4151799  0.0075775432     0.13311218
15              3.8895105  0.0910851977     0.38885135
16              5.1860140  0.0540425579     0.32312277
17              4.6674126  0.0656782224     0.34931787
18              3.3338661  0.1188047758     0.43179391
19              2.9171329  0.2956211171     0.62211431
20              2.3337063  0.0075216859     0.13311218
21              3.1536572  0.0199530094     0.21680899
22              4.2431024  0.0780539662     0.37344453
23              2.1810339  0.0009107682     0.06636624
24              2.8659551  0.0105861278     0.16530043
25              3.1116084  0.0378414894     0.28287184
26              3.8895105  0.0910851977     0.38885135
27              3.8895105  0.2311143768     0.55706400
28              2.1608392  0.0010218768     0.06636624
29              2.1312386  0.0012102600     0.06636624
30              5.3854761  0.0162411943     0.19789848
32              2.8165421  0.0116070376     0.17043723
33              3.6607158  0.0013595438     0.06811938
34              5.5564436  0.0016350417     0.07387688
35              5.5564436  0.0016350417     0.07387688
36              2.4565329  0.1947015619     0.52503977
37              4.6674126  0.0656782224     0.34931787
38              4.6674126  0.0656782224     0.34931787
39              4.3756993  0.0021149392     0.08257170
40              2.2472727  0.0052992300     0.11758713
41              2.1810339  0.0164571366     0.19937726
42              1.9889542  0.0088033581     0.14728158
43              8.7513986  0.0037322669     0.09747659
44              8.7513986  0.0037322669     0.09747659
45              3.3338661  0.2640732030     0.58933059
46              2.9919311  0.0245850030     0.23309931
48              2.3337063  0.3547229053     0.67106842
49              1.3164497  0.2159282498     0.54603859
50              1.5821738  0.2459767929     0.56473341
51              2.5930070  0.3258184370     0.64645484
52              2.7455368  0.0560820751     0.32930645
55              1.2965035  0.2301680009     0.55641530
56              1.2965035  0.2301680009     0.55641530
57              1.9652264  0.0077819985     0.13557399
60             11.6685315  0.0014218467     0.06811938
61              1.4817183  0.2841608368     0.60813304
62              2.5930070  0.0666869248     0.34931787
63              2.1878497  0.1560611594     0.48315103
65              2.1215512  0.3823897992     0.69013501
66              2.4141789  0.1259546588     0.44195049
67              3.3338661  0.1188047758     0.43179391
68              2.1215512  0.3823897992     0.69013501
69              2.7226573  0.0138592250     0.18727722
70              3.6302098  0.0028239820     0.08904893
71              3.2189052  0.0339069283     0.26541030
72              4.6674126  0.1966816309     0.52692818
73              1.9447552  0.0878173394     0.38885135
74              2.9743316  0.0004094370     0.06636624
75              5.1860140  0.0540425579     0.32312277
77              1.7951587  0.4342202721     0.72877097
78              5.1860140  0.0008288253     0.06636624
79              2.4141789  0.0120853017     0.17420111
80              2.5132222  0.0208267882     0.21968292
81              1.6281672  0.1631394338     0.48889207
82              3.5903174  0.0059094945     0.12486697
85              4.3756993  0.0289144779     0.25331366
86              3.1116084  0.1333519359     0.45249202
87              1.3489632  0.2088101067     0.53918172
88              1.5056170  0.0066204905     0.13042985
89              3.5903174  0.0235943547     0.23133442
90              3.8895105  0.0009018716     0.06636624
91              2.5930070  0.3258184370     0.64645484
93              2.0293098  0.2587357262     0.58121307
94              4.8283578  0.0012364996     0.06636624
95              6.6677323  0.0333614197     0.26541030
96              4.2431024  0.0132074423     0.17962122
97              1.4654357  0.0101763138     0.16251265
98              1.4803361  0.0696278963     0.35586306
99              1.3110710  0.2338658280     0.55706400
100             1.9681860  0.0121478003     0.17420111
101             3.0112339  0.0047823743     0.11201383
102             1.3037465  0.2390082635     0.56276846
103             4.3756993  0.0021149392     0.08257170
104             7.7790210  0.0054211653     0.11781254
106             1.7951587  0.4342202721     0.72877097
107             1.4143675  0.4162466845     0.71679755
108             1.7951587  0.2331059978     0.55706400
109             3.8895105  0.0910851977     0.38885135
110             3.1116084  0.1333519359     0.45249202
111             7.0011189  0.0074998997     0.13311218
114             3.0112339  0.0420266063     0.29335128
115             1.7612878  0.1912570710     0.52427816
116             1.6799764  0.0004111372     0.06636624
117             2.6927380  0.0982611810     0.39736464
118             4.0006394  0.0033975509     0.09549383
119             1.5178578  0.1579452271     0.48405614
120             2.9849732  0.0010847525     0.06636624
121             1.2965035  0.5455780904     0.80462392
122             1.7471598  0.0305774698     0.25425156
124             8.7513986  0.0037322669     0.09747659
125             3.8895105  0.0395581729     0.28954385
126             1.1292127  0.4402216706     0.73333013
127             0.9151789  0.6414450066     0.86409788
128             2.6927380  0.0982611810     0.39736464
129             2.5003996  0.1164324798     0.42834148
130             3.0439647  0.0734369382     0.36761429
131             1.0607756  0.4644195745     0.74561802
132             2.1215512  0.1665524806     0.49241603
133             2.7455368  0.0212092859     0.22024224
134             2.7455368  0.1635051754     0.48889207
135             2.1765136  0.0016471600     0.07387688
136             2.6670929  0.0612626357     0.34164454
137             1.1668531  0.5161771412     0.78449994
138             1.9447552  0.4088720357     0.71176439
139             3.0822536  0.0071457926     0.13225375
140             1.9777172  0.1078279253     0.40783448
141             2.1323205  0.0020689676     0.08257170
142             2.4141789  0.0371757494     0.28287184
145             1.5603269  0.0237283811     0.23157142
146             1.5768286  0.2106051707     0.53918172
147             1.5615879  0.0415882301     0.29335128
148             2.3337063  0.0428455296     0.29401707
149             2.5739408  0.0007312165     0.06636624
150             2.3337063  0.2105678812     0.53918172
151             1.5183149  0.0208427822     0.21968292
152             1.6254671  0.0509429753     0.31865814
153             1.2127650  0.0520578311     0.32275855
154             2.4141789  0.1259546588     0.44195049
155             1.2909865  0.2096346230     0.53918172
157             1.8921943  0.2103439422     0.53918172
158             1.2965035  0.5455780904     0.80462392
159             2.0063538  0.0031463295     0.09341497
160             1.9181148  0.0231656459     0.22926376
4view_factor4_opalin - positive - input peaks: 500 
4view_factor4_opalin - positive - significant terms: 118 
4view_factor4_opalin - negative - input peaks: 500 
4view_factor4_opalin - negative - significant terms: 79 
           id
1  GO:0015942
2  GO:0035999
3  GO:0048702
4  GO:0009256
5  GO:0060999
6  GO:0061003
7  GO:1905071
8  GO:1905073
9  GO:1905075
10 GO:0009396
11 GO:0050768
12 GO:0046653
13 GO:0042559
14 GO:0046654
15 GO:0042398
16 GO:0051961
17 GO:0048703
18 GO:0010496
19 GO:0050775
20 GO:0010770
21 GO:0046425
22 GO:0050774
23 GO:0048170
24 GO:0150147
25 GO:0043650
26 GO:0006575
27 GO:0060998
28 GO:0006730
29 GO:0042558
30 GO:0010721
31 GO:0097104
32 GO:0006760
33 GO:1904892
34 GO:1900451
35 GO:0048148
36 GO:0060996
37 GO:0001655
38 GO:0006892
39 GO:0021631
41 GO:1990535
42 GO:0007259
43 GO:0060742
44 GO:0008152
45 GO:0072538
47 GO:0061001
48 GO:0120193
50 GO:0044273
51 GO:0001941
52 GO:0048706
53 GO:0046580
54 GO:0046627
55 GO:0031915
56 GO:1900449
57 GO:0021934
60 GO:0050818
61 GO:0044706
62 GO:0050773
64 GO:0019321
65 GO:1900077
67 GO:0032743
68 GO:0007565
70 GO:0010557
71 GO:0002250
72 GO:0097396
73 GO:0097398
74 GO:0048814
75 GO:1903034
76 GO:0030193
77 GO:0097696
78 GO:1900046
79 GO:0002440
80 GO:0035372
81 GO:0060251
85 GO:0032623
86 GO:0032663
87 GO:0060997
88 GO:0030097
89 GO:0032496
90 GO:0046578
                                                              description
1                                               formate metabolic process
2                                        tetrahydrofolate interconversion
3                                    embryonic neurocranium morphogenesis
4                             10-formyltetrahydrofolate metabolic process
5                      positive regulation of dendritic spine development
6                    positive regulation of dendritic spine morphogenesis
7                                              tight junction disassembly
8                                regulation of tight junction disassembly
9                       positive regulation of tight junction disassembly
10                    folic acid-containing compound biosynthetic process
11                                    negative regulation of neurogenesis
12                                     tetrahydrofolate metabolic process
13                     pteridine-containing compound biosynthetic process
14                                  tetrahydrofolate biosynthetic process
15                               modified amino acid biosynthetic process
16                      negative regulation of nervous system development
17                                 embryonic viscerocranium morphogenesis
18                                                intercellular transport
19                          positive regulation of dendrite morphogenesis
20                              positive regulation of cell morphogenesis
21                  regulation of receptor signaling pathway via JAK-STAT
22                          negative regulation of dendrite morphogenesis
23          positive regulation of long-term neuronal synaptic plasticity
24                                         cell-cell junction disassembly
25                                 dicarboxylic acid biosynthetic process
26                                  modified amino acid metabolic process
27                              regulation of dendritic spine development
28                                           one-carbon metabolic process
29                        pteridine-containing compound metabolic process
30                                negative regulation of cell development
31                                         postsynaptic membrane assembly
32                       folic acid-containing compound metabolic process
33                      regulation of receptor signaling pathway via STAT
34            positive regulation of glutamate receptor signaling pathway
35                                         behavioral response to cocaine
36                                            dendritic spine development
37                                          urogenital system development
38                                  post-Golgi vesicle-mediated transport
39                                              optic nerve morphogenesis
41                                          neuron projection maintenance
42                   cell surface receptor signaling pathway via JAK-STAT
43 epithelial cell differentiation involved in prostate gland development
44                                                      metabolic process
45                                       T-helper 17 type immune response
47                            regulation of dendritic spine morphogenesis
48                                            tight junction organization
50                                      sulfur compound catabolic process
51                                     postsynaptic membrane organization
52                                  embryonic skeletal system development
53                 negative regulation of Ras protein signal transduction
54              negative regulation of insulin receptor signaling pathway
55                             positive regulation of synaptic plasticity
56                     regulation of glutamate receptor signaling pathway
57                                    hindbrain tangential cell migration
60                                              regulation of coagulation
61                                   multi-multicellular organism process
62                                     regulation of dendrite development
64                                              pentose metabolic process
65           negative regulation of cellular response to insulin stimulus
67                        positive regulation of interleukin-2 production
68                                                       female pregnancy
70              positive regulation of macromolecule biosynthetic process
71                                               adaptive immune response
72                                             response to interleukin-17
73                                    cellular response to interleukin-17
74                                   regulation of dendrite morphogenesis
75                                     regulation of response to wounding
76                                        regulation of blood coagulation
77                       cell surface receptor signaling pathway via STAT
78                                               regulation of hemostasis
79                    production of molecular mediator of immune response
80                                    protein localization to microtubule
81                                 regulation of glial cell proliferation
85                                               interleukin-2 production
86                                 regulation of interleukin-2 production
87                                          dendritic spine morphogenesis
88                                                            hemopoiesis
89                                         response to lipopolysaccharide
90                          regulation of Ras protein signal transduction
   genome_fraction observed_region_hits fold_enrichment      p_value
1     0.0005639325                    8       28.372189 7.322264e-10
2     0.0009441776                    8       16.945965 3.830844e-08
3     0.0010833836                    8       14.768546 1.083457e-07
4     0.0007704913                    7       18.170225 1.719515e-07
5     0.0057538863                   15        5.213867 3.487792e-07
6     0.0029073645                   11        7.566991 3.748867e-07
7     0.0005762952                    6       20.822662 6.047155e-07
8     0.0005762952                    6       20.822662 6.047155e-07
9     0.0005762952                    6       20.822662 6.047155e-07
10    0.0014440144                    8       11.080222 9.226755e-07
11    0.0223839134                   30        2.680496 1.654071e-06
12    0.0021434542                    9        8.397660 1.861472e-06
13    0.0016614900                    8        9.629910 2.579095e-06
14    0.0013146610                    7       10.649133 5.733848e-06
15    0.0054865089                   13        4.738897 5.783897e-06
16    0.0240700484                   30        2.492725 6.756082e-06
17    0.0014020496                    7        9.985381 8.666879e-06
18    0.0009312647                    6       12.885703 9.273610e-06
19    0.0041492686                   11        5.302139 1.080297e-05
20    0.0042185383                   11        5.215077 1.256909e-05
21    0.0069425192                   14        4.033118 1.532930e-05
22    0.0015475032                    7        9.046831 1.625348e-05
23    0.0015758764                    7        8.883945 1.823551e-05
24    0.0011328061                    6       10.593163 2.760580e-05
25    0.0016949676                    7        8.259745 2.886129e-05
26    0.0160579647                   22        2.740073 2.904010e-05
27    0.0104514169                   17        3.253147 2.988282e-05
28    0.0024754373                    8        6.463504 4.402618e-05
29    0.0041936751                   10        4.769087 6.466041e-05
30    0.0372274718                   37        1.987779 7.792843e-05
31    0.0019989671                    7        7.003617 8.045535e-05
32    0.0035259243                    9        5.105044 8.974516e-05
33    0.0082912199                   14        3.377066 1.005701e-04
34    0.0009075755                    5       11.018367 1.082957e-04
35    0.0028243440                    8        5.665032 1.087606e-04
36    0.0164025395                   21        2.560579 1.116725e-04
37    0.0106230925                   16        3.012306 1.221196e-04
38    0.0155915345                   20        2.565495 1.575084e-04
39    0.0009891998                    5       10.109181 1.611214e-04
41    0.0017292550                    6        6.939404 2.721902e-04
42    0.0115915884                   16        2.760623 3.191551e-04
43    0.0025329575                    7        5.527136 3.363329e-04
44    0.7391867238                  402        1.087682 4.193914e-04
45    0.0063713792                   11        3.452942 4.531590e-04
47    0.0074743155                   12        3.210996 4.811220e-04
48    0.0086933027                   13        2.990808 5.491673e-04
50    0.0020019121                    6        5.994269 5.848697e-04
51    0.0066612008                   11        3.302708 6.507784e-04
52    0.0162222736                   19        2.342458 6.789761e-04
53    0.0037378820                    8        4.280499 6.912633e-04
54    0.0067114158                   11        3.277997 6.914031e-04
55    0.0013727915                    5        7.284427 7.095367e-04
56    0.0013878048                    5        7.205624 7.446419e-04
57    0.0014044485                    5        7.120233 7.850577e-04
60    0.0079688859                   12        3.011713 8.342324e-04
61    0.0205831517                   22        2.137671 8.756315e-04
62    0.0179563492                   20        2.227624 9.101904e-04
64    0.0014578937                    5        6.859210 9.259498e-04
65    0.0069773555                   11        3.153057 9.433513e-04
67    0.0049080505                    9        3.667444 9.667140e-04
68    0.0181015110                   20        2.209760 1.001358e-03
70    0.2612149856                  162        1.240358 1.030094e-03
71    0.0367617632                   33        1.795344 1.069528e-03
72    0.0030988605                    7        4.517790 1.085910e-03
73    0.0030988605                    7        4.517790 1.085910e-03
74    0.0094129980                   13        2.762138 1.122409e-03
75    0.0196275084                   21        2.139854 1.122574e-03
76    0.0071947508                   11        3.057785 1.201827e-03
77    0.0132435470                   16        2.416271 1.282865e-03
78    0.0072866896                   11        3.019204 1.327401e-03
79    0.0199308185                   21        2.107289 1.350541e-03
80    0.0023659980                    6        5.071855 1.370278e-03
81    0.0051897811                    9        3.468354 1.414516e-03
85    0.0074662205                   11        2.946605 1.603710e-03
86    0.0074662205                   11        2.946605 1.603710e-03
87    0.0098376295                   13        2.642913 1.650547e-03
88    0.1014564527                   72        1.419328 1.663854e-03
89    0.0319006145                   29        1.818147 1.756623e-03
90    0.0064521749                   10        3.099730 1.791097e-03
       p_adjust mean_tss_dist observed_gene_hits gene_set_size
1  1.547927e-06        130492                  2             7
2  4.049202e-05        130492                  2             9
3  7.634759e-05        126977                  2             8
4  9.087639e-05        140686                  1             6
5  1.320851e-04        108070                  5            37
6  1.320851e-04         89442                  2            18
7  1.420410e-04         41110                  3             5
8  1.420410e-04         41110                  3             5
9  1.420410e-04         41110                  3             5
10 1.950536e-04        130492                  2            10
11 3.178824e-04        115409                 16           130
12 3.279293e-04        125849                  3            18
13 4.194005e-04        130492                  2            15
14 8.151439e-04        140686                  1             8
15 8.151439e-04        148574                  7            44
16 8.926474e-04        115409                 16           136
17 1.077752e-03        140686                  1             9
18 1.089134e-03        124942                  2            10
19 1.201973e-03         89442                  2            34
20 1.328553e-03         89442                  2            36
21 1.543149e-03         77855                  9            71
22 1.561811e-03         54361                  1             8
23 1.676081e-03        159862                  2             8
24 2.339714e-03         41110                  3             8
25 2.339714e-03        140686                  1            14
26 2.339714e-03        166519                 14           172
27 2.339714e-03        131080                  7            52
28 3.323977e-03        130492                  2            22
29 4.713521e-03        137752                  4            31
30 5.486536e-03        112037                 21           259
31 5.486536e-03        100773                  2             7
32 5.928789e-03        125849                  3            24
33 6.442581e-03         77855                  9            79
34 6.557655e-03        124450                  1             8
35 6.557655e-03        134819                  2            15
36 6.557655e-03        112907                 10            88
37 6.977321e-03        145213                  9            65
38 8.733606e-03        134925                 12           111
39 8.733606e-03        124450                  1             6
41 1.438525e-02        110831                  2            13
42 1.645595e-02         74174                 11           121
43 1.692876e-02         56849                  4            12
44 2.061845e-02        133277                460          9979
45 2.177223e-02        163949                  6            51
47 2.260204e-02         86531                  3            39
48 2.523782e-02        118031                  6            77
50 2.630669e-02        169604                  5            35
51 2.865933e-02        135996                  6            40
52 2.865933e-02        200192                  9           125
53 2.865933e-02        168720                  3            22
54 2.865933e-02        109865                  8            44
55 2.884539e-02        124450                  1            10
56 2.970138e-02        124450                  1            11
57 3.073356e-02        124450                  1             5
60 3.206486e-02        114834                  8            74
61 3.305509e-02        119063                 18           217
62 3.374927e-02        139340                 10            98
64 3.374927e-02        106412                  4            13
65 3.380076e-02        109865                  8            45
67 3.406056e-02        152749                  8            34
68 3.470279e-02        128471                 17           188
70 3.512288e-02        156834                140          2418
71 3.531713e-02        127715                 26           424
72 3.531713e-02         64820                  4            18
73 3.531713e-02         64820                  4            18
74 3.541973e-02         74873                  4            62
75 3.541973e-02        113473                 14           159
76 3.736267e-02        121389                  7            69
77 3.930402e-02         74174                 11           138
78 4.008750e-02        121389                  7            71
79 4.021190e-02         72451                 13           216
80 4.023287e-02         60269                  1            19
81 4.096284e-02        188227                  6            38
85 4.520324e-02        136694                 10            60
86 4.520324e-02        136694                 10            60
87 4.568035e-02         81767                  4            53
88 4.568035e-02        119788                 64           939
89 4.760898e-02        107464                 23           313
90 4.792886e-02        144403                  5            44
   fold_enrichment_hyper p_value_hyper p_adjust_hyper
1               6.519217  3.478722e-02     0.22481013
2               5.070502  5.627941e-02     0.27140355
3               5.704315  4.505644e-02     0.24805377
4               3.802876  2.358059e-01     0.46588194
5               3.083413  2.177544e-02     0.18267178
6               2.535251  1.853767e-01     0.42002823
7              13.690355  7.847598e-04     0.04739949
8              13.690355  7.847598e-04     0.04739949
9              13.690355  7.847598e-04     0.04739949
10              4.563452  6.835303e-02     0.28925359
11              2.808278  1.815702e-04     0.03198661
12              3.802876  4.187238e-02     0.24433355
13              3.042301  1.383520e-01     0.36651156
14              2.852157  3.013451e-01     0.50963482
15              3.630018  2.810763e-03     0.07617888
16              2.684383  3.061860e-04     0.03236386
17              2.535251  3.319783e-01     0.53305059
18              4.563452  6.835303e-02     0.28925359
19              1.342192  4.426818e-01     0.61730168
20              1.267625  4.722455e-01     0.63506810
21              2.892329  3.723663e-03     0.08650356
22              2.852157  3.013451e-01     0.50963482
23              5.704315  4.505644e-02     0.24805377
24              8.556472  3.979570e-03     0.09046033
25              1.629804  4.661574e-01     0.63230412
26              1.857219  1.927816e-02     0.17223578
27              3.071554  7.258759e-03     0.10936163
28              2.074296  2.506868e-01     0.47359415
29              2.944162  4.505802e-02     0.24805377
30              1.850048  5.104802e-03     0.09722118
31              6.519217  3.478722e-02     0.22481013
32              2.852157  8.576595e-02     0.31533481
33              2.599435  7.557696e-03     0.11018599
34              2.852157  3.013451e-01     0.50963482
35              3.042301  1.383520e-01     0.36651156
36              2.592870  5.087621e-03     0.09722118
37              3.159313  2.016561e-03     0.06932140
38              2.466731  3.420900e-03     0.08217935
39              3.802876  2.358059e-01     0.46588194
41              3.510348  1.087521e-01     0.34833613
42              2.074296  1.725902e-02     0.16215810
43              7.605753  1.366621e-03     0.06303271
44              1.051803  5.192859e-02     0.26221012
45              2.684383  2.341026e-02     0.19129039
47              1.755174  2.433238e-01     0.46902279
48              1.777968  1.212311e-01     0.36016586
50              3.259608  1.741550e-02     0.16218665
51              3.422589  7.468755e-03     0.11018599
52              1.642843  9.830313e-02     0.33250050
53              3.111444  6.953265e-02     0.29107331
54              4.148593  5.726978e-04     0.04300758
55              2.281726  3.612700e-01     0.55991553
56              2.074296  3.892789e-01     0.57993099
57              4.563452  2.007687e-01     0.43486164
60              2.466731  1.546677e-02     0.15731326
61              1.892676  7.255143e-03     0.10936163
62              2.328292  1.070608e-02     0.12649559
64              7.020695  1.905961e-03     0.06829153
65              4.056402  6.701515e-04     0.04427188
67              5.368767  8.641454e-05     0.02283504
68              2.063263  3.815334e-03     0.08766974
70              1.321099  2.726223e-04     0.03236386
71              1.399172  5.367213e-02     0.26823377
72              5.070502  6.850540e-03     0.10801441
73              5.070502  6.850540e-03     0.10801441
74              1.472081  2.881290e-01     0.49967975
75              2.009067  1.025348e-02     0.12602239
76              2.314794  3.105907e-02     0.21267072
77              1.818767  4.028887e-02     0.24028707
78              2.249589  3.555718e-02     0.22481013
79              1.373261  1.546584e-01     0.38759167
80              1.200908  5.734125e-01     0.70028539
81              3.602725  5.783469e-03     0.10093111
85              3.802876  2.547146e-04     0.03236386
86              3.802876  2.547146e-04     0.03236386
87              1.722057  2.019023e-01     0.43508816
88              1.555170  2.965608e-04     0.03236386
89              1.676668  1.106157e-02     0.12705977
90              2.592870  4.233824e-02     0.24433355
4view_factor4_plekhg1 - positive - input peaks: 500 
4view_factor4_plekhg1 - positive - significant terms: 7 
4view_factor4_plekhg1 - negative - input peaks: 500 
4view_factor4_plekhg1 - negative - significant terms: 5 
          id                                             description
1 GO:0006384 transcription initiation at RNA polymerase III promoter
2 GO:0009304                                      tRNA transcription
3 GO:0050866                  negative regulation of cell activation
4 GO:0048193                                 Golgi vesicle transport
5 GO:0021904                   dorsal/ventral neural tube patterning
  genome_fraction observed_region_hits fold_enrichment      p_value   p_adjust
1    0.0007698795                    5       12.989046 5.032035e-05 0.04150303
2    0.0008460112                    5       11.820174 7.816222e-05 0.04150303
3    0.0222880201                   26        2.333092 8.048814e-05 0.04150303
4    0.0333675135                   34        2.037910 9.552461e-05 0.04150303
5    0.0020863771                    7        6.710196 1.045943e-04 0.04150303
  mean_tss_dist observed_gene_hits gene_set_size fold_enrichment_hyper
1         29800                  3             7              9.803708
2         36311                  3            12              5.718830
3        121430                 18           209              1.970123
4        150630                 25           292              1.958503
5        176583                  4            17              5.382428
  p_value_hyper p_adjust_hyper
1   0.002551993     0.10129191
2   0.013617758     0.15826203
3   0.004826230     0.12880780
4   0.001090453     0.08037992
5   0.005467374     0.12880780
4view_factor4_opc - positive - input peaks: 500 
4view_factor4_opc - positive - significant terms: 2 
4view_factor4_opc - negative - input peaks: 500 
4view_factor4_opc - negative - significant terms: 24 
           id
1  GO:0035095
2  GO:0090160
3  GO:0002329
4  GO:1905710
5  GO:0006896
6  GO:0097191
7  GO:2000646
8  GO:0071498
9  GO:0070885
10 GO:0106057
12 GO:0050860
13 GO:2000378
14 GO:0071559
15 GO:0022407
16 GO:0002357
17 GO:0090559
18 GO:2000377
19 GO:0071560
20 GO:0050858
21 GO:0048102
22 GO:0046007
23 GO:0071499
24 GO:0042542
25 GO:0006622
                                                          description
1                                     behavioral response to nicotine
2                                         Golgi to lysosome transport
3                                          pre-B cell differentiation
4                        positive regulation of membrane permeability
5                                          Golgi to vacuole transport
6                               extrinsic apoptotic signaling pathway
7                   positive regulation of receptor catabolic process
8                             cellular response to fluid shear stress
9           negative regulation of calcineurin-NFAT signaling cascade
10              negative regulation of calcineurin-mediated signaling
12           negative regulation of T cell receptor signaling pathway
13   negative regulation of reactive oxygen species metabolic process
14                        response to transforming growth factor beta
15                                   regulation of cell-cell adhesion
16                                     defense response to tumor cell
17                                regulation of membrane permeability
18            regulation of reactive oxygen species metabolic process
19      cellular response to transforming growth factor beta stimulus
20 negative regulation of antigen receptor-mediated signaling pathway
21                                              autophagic cell death
22              negative regulation of activated T cell proliferation
23                    cellular response to laminar fluid shear stress
24                                      response to hydrogen peroxide
25                                      protein targeting to lysosome
   genome_fraction observed_region_hits fold_enrichment      p_value
1     0.0005268620                    6       22.776364 3.605054e-07
2     0.0008920536                    6       13.452106 7.283026e-06
3     0.0006337645                    5       15.778733 2.011224e-05
4     0.0041294415                   10        4.843270 5.699755e-05
5     0.0012995393                    6        9.234042 5.867536e-05
6     0.0275865618                   30        2.174972 8.086027e-05
7     0.0009031432                    5       11.072442 1.058684e-04
8     0.0044962502                   10        4.448151 1.136380e-04
9     0.0015301714                    6        7.842259 1.419899e-04
10    0.0015301714                    6        7.842259 1.419899e-04
12    0.0031766013                    8        5.036830 2.393191e-04
13    0.0032702831                    8        4.892543 2.900469e-04
14    0.0369975853                   35        1.892015 3.024037e-04
15    0.0598526799                   50        1.670769 3.176692e-04
16    0.0011656665                    5        8.578783 3.407084e-04
17    0.0061846516                   11        3.557193 3.546745e-04
18    0.0141392820                   18        2.546098 3.609036e-04
19    0.0359682694                   34        1.890555 3.727878e-04
20    0.0034059068                    8        4.697721 3.787432e-04
21    0.0012032873                    5        8.310567 3.932878e-04
22    0.0012372441                    5        8.082479 4.458035e-04
23    0.0019212062                    6        6.246076 4.725206e-04
24    0.0108699266                   15        2.759908 4.868712e-04
25    0.0035453552                    8        4.512947 4.917755e-04
       p_adjust mean_tss_dist observed_gene_hits gene_set_size
1  0.0007523748         74348                  2             8
2  0.0075998372         66316                  2            11
3  0.0139914174         76515                  1             5
4  0.0244910973        174643                  5            38
5  0.0244910973         66316                  2            18
6  0.0281258969        159251                 25           220
7  0.0296332895         76515                  1             9
8  0.0296332895        104695                  7            30
9  0.0296332895         76514                  2            15
10 0.0296332895         76514                  2            15
12 0.0410395843        101205                  4            28
13 0.0410395843        105752                  5            38
14 0.0410395843        108578                 27           261
15 0.0410395843        195460                 33           455
16 0.0410395843         76515                  1            12
17 0.0410395843        158779                  6            59
18 0.0410395843         85098                 13           134
19 0.0410395843         95239                 26           254
20 0.0410395843        101205                  4            34
21 0.0410395843         76515                  1             9
22 0.0427639792         76515                  1            13
23 0.0427639792         68643                  3            16
24 0.0427639792        113568                 11            95
25 0.0427639792        130807                  4            30
   fold_enrichment_hyper p_value_hyper p_adjust_hyper
1               6.082544  4.006245e-02   0.1600706544
2               4.423668  7.256771e-02   0.2191734016
3               4.866035  1.893125e-01   0.3839603733
4               3.201339  1.890066e-02   0.1032609343
5               2.703353  1.676861e-01   0.3560131709
6               2.764793  4.308262e-06   0.0005144570
7               2.703353  3.146418e-01   0.5287097360
8               5.677041  1.712684e-04   0.0053751337
9               3.244023  1.245253e-01   0.2987176173
10              3.244023  1.245253e-01   0.2987176173
12              3.475739  2.645166e-02   0.1229501256
13              3.201339  1.890066e-02   0.1032609343
14              2.516915  1.056039e-05   0.0008040711
15              1.764606  1.189576e-03   0.0197035404
16              2.027515  3.957665e-01   0.5924523116
17              2.474255  3.363698e-02   0.1441486152
18              2.360390  3.524022e-03   0.0379104807
19              2.490490  1.844165e-05   0.0012829242
20              2.862374  4.947247e-02   0.1789411427
21              2.703353  3.146418e-01   0.5287097360
22              1.871552  4.206178e-01   0.6094917087
23              4.561908  2.595732e-02   0.1215738141
24              2.817178  1.772293e-03   0.0253340727
25              3.244023  3.320801e-02   0.1431923882

=== Factor 5 ===
4view_factor5_bulk - positive - input peaks: 500 
4view_factor5_bulk - positive - significant terms: 89 
4view_factor5_bulk - negative - input peaks: 500 
4view_factor5_bulk - negative - significant terms: 54 
           id                                                      description
1  GO:0006457                                                  protein folding
2  GO:0021902 commitment of neuronal cell to specific neuron type in forebrain
3  GO:0021877                                 forebrain neuron fate commitment
4  GO:0070244               negative regulation of thymocyte apoptotic process
5  GO:0033077                                 T cell differentiation in thymus
6  GO:0070243                        regulation of thymocyte apoptotic process
7  GO:0050684                                    regulation of mRNA processing
8  GO:0033151                                              V(D)J recombination
9  GO:0000380                       alternative mRNA splicing, via spliceosome
10 GO:0035701                                hematopoietic stem cell migration
11 GO:0010837                         regulation of keratinocyte proliferation
12 GO:0070242                                      thymocyte apoptotic process
13 GO:0000381         regulation of alternative mRNA splicing, via spliceosome
14 GO:0003334                                         keratinocyte development
15 GO:0031077                       post-embryonic camera-type eye development
16 GO:0060710                                          chorio-allantoic fusion
17 GO:0043616                                       keratinocyte proliferation
18 GO:0048024                     regulation of mRNA splicing, via spliceosome
19 GO:0070233                  negative regulation of T cell apoptotic process
20 GO:0045058                                                 T cell selection
21 GO:0006491                                              N-glycan processing
22 GO:0097154                                 GABAergic neuron differentiation
23 GO:0021756                                             striatum development
24 GO:0070229              negative regulation of lymphocyte apoptotic process
25 GO:0021544                                           subpallium development
26 GO:0043368                                        positive T cell selection
27 GO:0070232                           regulation of T cell apoptotic process
28 GO:0021879                                 forebrain neuron differentiation
29 GO:0021872                                  forebrain generation of neurons
30 GO:0070231                                         T cell apoptotic process
31 GO:2000107               negative regulation of leukocyte apoptotic process
32 GO:0003382                                    epithelial cell morphogenesis
33 GO:0070228                       regulation of lymphocyte apoptotic process
34 GO:1900034                          regulation of cellular response to heat
35 GO:0042219                            modified amino acid catabolic process
36 GO:0035845                    photoreceptor cell outer segment organization
38 GO:0007268                                   chemical synaptic transmission
39 GO:0098916                             anterograde trans-synaptic signaling
40 GO:0043484                                       regulation of RNA splicing
41 GO:0007269                                       neurotransmitter secretion
42 GO:0099643                                      signal release from synapse
43 GO:0099537                                         trans-synaptic signaling
44 GO:0045647               negative regulation of erythrocyte differentiation
45 GO:0060713                                 labyrinthine layer morphogenesis
46 GO:0006836                                       neurotransmitter transport
47 GO:0071887                                      leukocyte apoptotic process
49 GO:0071625                                            vocalization behavior
50 GO:0099536                                               synaptic signaling
51 GO:0060669                                 embryonic placenta morphogenesis
53 GO:0006487                                   protein N-linked glycosylation
55 GO:0070227                                     lymphocyte apoptotic process
57 GO:1903311                             regulation of mRNA metabolic process
58 GO:0032959                      inositol trisphosphate biosynthetic process
59 GO:0046834                                            lipid phosphorylation
   genome_fraction observed_region_hits fold_enrichment      p_value
1      0.022783794                   36        3.160141 2.571281e-09
2      0.001102843                    9       16.321459 7.428784e-09
3      0.001440222                    9       12.498076 7.074923e-08
4      0.001993687                   10       10.031666 1.006039e-07
5      0.010960193                   21        3.832049 2.797008e-07
6      0.002279191                   10        8.775042 3.380511e-07
7      0.015905778                   25        3.143512 7.928190e-07
8      0.002010954                    9        8.950977 1.110887e-06
9      0.012053952                   21        3.484335 1.252273e-06
10     0.002116041                    9        8.506452 1.677885e-06
11     0.005704438                   14        4.908459 1.709466e-06
12     0.003420439                   11        6.431924 1.783323e-06
13     0.010329184                   19        3.678897 1.847221e-06
14     0.002175861                    9        8.272589 2.100591e-06
15     0.002246304                    9        8.013162 2.713171e-06
16     0.002918940                   10        6.851801 3.024630e-06
17     0.006278491                   14        4.459670 5.055467e-06
18     0.013568116                   21        3.095492 7.540314e-06
19     0.005796041                   13        4.485820 1.027806e-05
20     0.007781318                   15        3.855388 1.293752e-05
21     0.005256443                   12        4.565825 1.883974e-05
22     0.004441965                   11        4.952763 2.008444e-05
23     0.004628486                   11        4.753175 2.907353e-05
24     0.006474032                   13        4.016044 3.197697e-05
25     0.004972436                   11        4.424390 5.493595e-05
26     0.006935578                   13        3.748786 6.370194e-05
27     0.006979682                   13        3.725098 6.782590e-05
28     0.016261971                   21        2.582713 9.935069e-05
29     0.016736288                   21        2.509517 1.465057e-04
30     0.008617084                   14        3.249359 1.491280e-04
31     0.008679657                   14        3.225934 1.604730e-04
32     0.004760974                   10        4.200821 1.792996e-04
33     0.007958613                   13        3.266901 2.415473e-04
34     0.002406839                    7        5.816757 2.481660e-04
35     0.003210679                    8        4.983369 2.568548e-04
36     0.001101533                    5        9.078255 2.635351e-04
38     0.118849309                   86        1.447211 3.050051e-04
39     0.118849309                   86        1.447211 3.050051e-04
40     0.020384523                   23        2.256614 3.251018e-04
41     0.023274859                   25        2.148241 3.734153e-04
42     0.023274859                   25        2.148241 3.734153e-04
43     0.119754837                   86        1.436268 3.881481e-04
44     0.001222560                    5        8.179557 4.224844e-04
45     0.005336461                   10        3.747802 4.363081e-04
46     0.030960490                   30        1.937954 5.513778e-04
47     0.014696567                   18        2.449552 5.629637e-04
49     0.003693119                    8        4.332381 6.399065e-04
50     0.123902331                   87        1.404332 7.209198e-04
51     0.005731949                   10        3.489214 7.503972e-04
53     0.011609576                   15        2.584074 9.390603e-04
55     0.010542403                   14        2.655941 1.063544e-03
57     0.034079609                   31        1.819270 1.225062e-03
58     0.001559794                    5        6.411104 1.245552e-03
59     0.002332496                    6        5.144703 1.275499e-03
       p_adjust mean_tss_dist observed_gene_hits gene_set_size
1  5.250556e-06        304602                 15           193
2  7.584788e-06         49004                  1             6
3  4.815664e-05         49004                  1             9
4  5.135828e-05         44635                  2            10
5  1.142298e-04        106420                  7            79
6  1.150501e-04         44635                  2            15
7  2.312766e-04        225361                  8           125
8  2.835540e-04         49004                  1            17
9  2.841268e-04        242208                  7            81
10 2.901558e-04         49004                  1             8
11 2.901558e-04        125221                  3            43
12 2.901558e-04         56686                  3            21
13 2.901558e-04        230286                  6            65
14 3.063862e-04         49004                  1            13
15 3.693531e-04         49004                  1             8
16 3.860184e-04        430599                  2             7
17 6.072508e-04        125221                  3            55
18 8.554067e-04        242208                  7           105
19 1.104621e-03        116845                  4            24
20 1.320921e-03         70482                  5            58
21 1.831941e-03        333914                  1            21
22 1.864202e-03         77507                  3            18
23 2.581224e-03         77507                  3            19
24 2.720708e-03        116845                  4            35
25 4.487169e-03         85814                  4            24
26 5.003052e-03         65752                  3            45
27 5.129648e-03        116845                  4            39
28 7.245504e-03         83090                  9            77
29 1.015064e-02         87367                 10            86
30 1.015064e-02        121156                  5            56
31 1.057051e-02        110303                  5            52
32 1.144155e-02         49118                  2            36
33 1.490456e-02        116845                  4            58
34 1.490456e-02        553816                  2            13
35 1.494829e-02         86460                  4            31
36 1.494829e-02        100843                  2            14
38 1.639001e-02        130285                 60           713
39 1.639001e-02        130285                 60           713
40 1.702200e-02        237056                  9           170
41 1.859790e-02        183468                 11           147
42 1.859790e-02        183468                 11           147
43 1.887139e-02        130285                 60           721
44 2.006309e-02        113960                  2             8
45 2.024866e-02        430599                  2            23
46 2.499069e-02        170401                 15           201
47 2.499069e-02        118326                  7           114
49 2.780189e-02        242798                  6            20
50 3.066913e-02        131382                 61           750
51 3.127166e-02        430599                  2            26
53 3.835122e-02        302916                  3            88
55 4.258349e-02        121156                  5            79
57 4.798901e-02        238461                 14           291
58 4.798901e-02        170795                  4             8
59 4.823277e-02        281782                  4             9
   fold_enrichment_hyper p_value_hyper p_adjust_hyper
1               1.834285  1.751387e-02   0.1625605963
2               3.933522  2.288003e-01   0.4567059214
3               2.622348  3.227722e-01   0.5371645755
4               4.720226  6.438044e-02   0.2762003948
5               2.091240  4.980671e-02   0.2518239638
6               3.146818  1.309155e-01   0.3595695606
7               1.510472  1.609984e-01   0.3913795326
8               1.388302  5.211513e-01   0.6953339117
9               2.039604  5.566054e-02   0.2649389981
10              2.950141  2.927929e-01   0.5127642576
11              1.646591  2.740927e-01   0.4944321764
12              3.371590  5.710703e-02   0.2674599667
13              2.178566  5.673394e-02   0.2674599667
14              1.815472  4.305235e-01   0.6279493346
15              2.950141  2.927929e-01   0.5127642576
16              6.743180  3.267142e-02   0.2118458765
17              1.287334  4.140061e-01   0.6152842491
18              1.573409  1.575481e-01   0.3870420331
19              3.933522  1.727675e-02   0.1625605963
20              2.034580  9.847374e-02   0.3206425448
21              1.123863  5.973734e-01   0.7488045027
22              3.933522  3.844998e-02   0.2322925003
23              3.726494  4.426292e-02   0.2428429384
24              2.697272  5.924998e-02   0.2699445446
25              3.933522  1.727675e-02   0.1625605963
26              1.573409  2.974391e-01   0.5169111397
27              2.420629  8.172889e-02   0.3012461934
28              2.758574  5.147556e-03   0.1001077029
29              2.744318  3.393072e-03   0.0784882318
30              2.107244  8.777159e-02   0.3063693869
31              2.269340  6.831149e-02   0.2801045377
32              1.311174  4.545695e-01   0.6473019298
33              1.627664  2.306072e-01   0.4585198362
34              3.630943  1.027188e-01   0.3272236759
35              3.045307  4.058776e-02   0.2354566643
36              3.371590  1.165993e-01   0.3411115430
38              1.986070  2.984098e-07   0.0002222779
39              1.986070  2.984098e-07   0.0002222779
40              1.249472  2.947966e-01   0.5149483038
41              1.766071  4.815685e-02   0.2483148384
42              1.766071  4.815685e-02   0.2483148384
43              1.964033  4.354122e-07   0.0002222779
44              5.900283  4.235694e-02   0.2409272310
45              2.052272  2.545905e-01   0.4771700942
46              1.761278  2.426339e-02   0.1876736573
47              1.449192  2.092270e-01   0.4346302786
49              7.080339  1.318199e-04   0.0114536979
50              1.919559  7.545940e-07   0.0002568135
51              1.815472  3.023514e-01   0.5218947528
53              0.804584  7.263743e-01   0.8318879713
55              1.493743  2.431022e-01   0.4678744381
57              1.135450  3.514228e-01   0.5620416322
58             11.800566  1.951570e-04   0.0148326896
59             10.489392  3.395071e-04   0.0187371194
4view_factor5_opalin - positive - input peaks: 500 
4view_factor5_opalin - positive - significant terms: 0 
4view_factor5_opalin - negative - input peaks: 500 
4view_factor5_opalin - negative - significant terms: 2 
          id                                  description genome_fraction
1 GO:0042428                  serotonin metabolic process     0.002163240
2 GO:0042430 indole-containing compound metabolic process     0.003272756
  observed_region_hits fold_enrichment      p_value   p_adjust mean_tss_dist
1                    8        7.396314 1.713688e-05 0.03250867        256924
2                    9        5.499952 5.124832e-05 0.04860903        230164
  observed_gene_hits gene_set_size fold_enrichment_hyper p_value_hyper
1                  2            13              3.601763     0.1041356
2                  3            27              2.601273     0.1064405
  p_adjust_hyper
1      0.3027596
2      0.3073328
4view_factor5_plekhg1 - positive - input peaks: 500 
4view_factor5_plekhg1 - positive - significant terms: 0 
4view_factor5_plekhg1 - negative - input peaks: 500 
4view_factor5_plekhg1 - negative - significant terms: 0 
 [1] id                    description           genome_fraction      
 [4] observed_region_hits  fold_enrichment       p_value              
 [7] p_adjust              mean_tss_dist         observed_gene_hits   
[10] gene_set_size         fold_enrichment_hyper p_value_hyper        
[13] p_adjust_hyper       
<0 rows> (or 0-length row.names)
4view_factor5_opc - positive - input peaks: 500 
4view_factor5_opc - positive - significant terms: 0 
4view_factor5_opc - negative - input peaks: 500 
4view_factor5_opc - negative - significant terms: 0 
 [1] id                    description           genome_fraction      
 [4] observed_region_hits  fold_enrichment       p_value              
 [7] p_adjust              mean_tss_dist         observed_gene_hits   
[10] gene_set_size         fold_enrichment_hyper p_value_hyper        
[13] p_adjust_hyper       
<0 rows> (or 0-length row.names)

=== Factor 6 ===
4view_factor6_bulk - positive - input peaks: 500 
4view_factor6_bulk - positive - significant terms: 218 
4view_factor6_bulk - negative - input peaks: 500 
4view_factor6_bulk - negative - significant terms: 136 
            id
1   GO:0021902
2   GO:0021877
3   GO:0048790
4   GO:0070244
5   GO:0033151
6   GO:0035701
7   GO:0003334
8   GO:0031077
9   GO:0070243
10  GO:0099537
11  GO:0007268
12  GO:0098916
13  GO:0006836
14  GO:0099536
15  GO:0007269
16  GO:0099643
17  GO:0098693
18  GO:1990709
19  GO:0007267
20  GO:0021879
21  GO:0070233
22  GO:0021872
23  GO:0006491
24  GO:0006487
25  GO:0006415
26  GO:0070229
27  GO:0010837
28  GO:0070242
29  GO:0000381
30  GO:0048538
31  GO:0097154
32  GO:0070232
33  GO:0043616
34  GO:0021756
35  GO:0003382
36  GO:0009395
37  GO:0021544
38  GO:1901381
39  GO:0000380
40  GO:0001958
41  GO:0036075
42  GO:0070228
43  GO:0097091
44  GO:0035864
45  GO:0042475
46  GO:0035592
47  GO:0070231
48  GO:0071692
49  GO:2000107
50  GO:0006813
51  GO:0033077
52  GO:0023061
53  GO:0099504
54  GO:0043368
55  GO:0015820
56  GO:0009306
57  GO:0048024
58  GO:0050804
59  GO:0099177
60  GO:1904491
61  GO:0014075
62  GO:0071805
63  GO:0043268
64  GO:0090119
65  GO:0042886
66  GO:0015803
67  GO:0060546
68  GO:0009914
69  GO:0010817
70  GO:0062099
71  GO:0099558
72  GO:0015833
73  GO:0099003
74  GO:0045058
75  GO:0039529
76  GO:0050684
78  GO:0030072
79  GO:0009791
80  GO:0042476
81  GO:0035845
82  GO:0071466
83  GO:0006470
84  GO:1903543
85  GO:1903348
86  GO:0007193
87  GO:0048534
88  GO:0070227
89  GO:0060544
91  GO:0002790
92  GO:0062098
93  GO:0015824
96  GO:0030900
97  GO:0030216
98  GO:2000810
100 GO:0002562
101 GO:0016444
102 GO:1901379
103 GO:2000106
104 GO:0015816
106 GO:0097527
107 GO:0010996
108 GO:0043266
109 GO:0048663
111 GO:0021889
112 GO:0007196
113 GO:0032328
114 GO:0030073
116 GO:0045921
117 GO:0046879
118 GO:0009642
120 GO:1904612
121 GO:0039535
122 GO:0002664
123 GO:1904064
124 GO:0032940
125 GO:0001508
127 GO:0021536
128 GO:0010232
129 GO:0150104
130 GO:0002200
131 GO:0035773
132 GO:0002517
133 GO:0007399
134 GO:0015695
135 GO:0021537
136 GO:0034767
137 GO:0031113
138 GO:0099010
139 GO:0035269
140 GO:0007188
143 GO:0008209
144 GO:0002643
145 GO:0016311
147 GO:1901798
148 GO:0046785
149 GO:0099563
                                                                                     description
1                               commitment of neuronal cell to specific neuron type in forebrain
2                                                               forebrain neuron fate commitment
3                                               maintenance of presynaptic active zone structure
4                                             negative regulation of thymocyte apoptotic process
5                                                                            V(D)J recombination
6                                                              hematopoietic stem cell migration
7                                                                       keratinocyte development
8                                                     post-embryonic camera-type eye development
9                                                      regulation of thymocyte apoptotic process
10                                                                      trans-synaptic signaling
11                                                                chemical synaptic transmission
12                                                          anterograde trans-synaptic signaling
13                                                                    neurotransmitter transport
14                                                                            synaptic signaling
15                                                                    neurotransmitter secretion
16                                                                   signal release from synapse
17                                                          regulation of synaptic vesicle cycle
18                                                          presynaptic active zone organization
19                                                                           cell-cell signaling
20                                                              forebrain neuron differentiation
21                                               negative regulation of T cell apoptotic process
22                                                               forebrain generation of neurons
23                                                                           N-glycan processing
24                                                                protein N-linked glycosylation
25                                                                     translational termination
26                                           negative regulation of lymphocyte apoptotic process
27                                                      regulation of keratinocyte proliferation
28                                                                   thymocyte apoptotic process
29                                      regulation of alternative mRNA splicing, via spliceosome
30                                                                            thymus development
31                                                              GABAergic neuron differentiation
32                                                        regulation of T cell apoptotic process
33                                                                    keratinocyte proliferation
34                                                                          striatum development
35                                                                 epithelial cell morphogenesis
36                                                                phospholipid catabolic process
37                                                                        subpallium development
38                                  positive regulation of potassium ion transmembrane transport
39                                                    alternative mRNA splicing, via spliceosome
40                                                                     endochondral ossification
41                                                                      replacement ossification
42                                                    regulation of lymphocyte apoptotic process
43                                                                   synaptic vesicle clustering
44                                                                     response to potassium ion
45                                                      odontogenesis of dentin-containing tooth
46                                 establishment of protein localization to extracellular region
47                                                                      T cell apoptotic process
48                                                  protein localization to extracellular region
49                                            negative regulation of leukocyte apoptotic process
50                                                                       potassium ion transport
51                                                              T cell differentiation in thymus
52                                                                                signal release
53                                                                        synaptic vesicle cycle
54                                                                     positive T cell selection
55                                                                           L-leucine transport
56                                                                             protein secretion
57                                                  regulation of mRNA splicing, via spliceosome
58                                                  modulation of chemical synaptic transmission
59                                                        regulation of trans-synaptic signaling
60                                               protein localization to ciliary transition zone
61                                                                             response to amine
62                                                         potassium ion transmembrane transport
63                                                positive regulation of potassium ion transport
64                                                        vesicle-mediated cholesterol transport
65                                                                               amide transport
66                                                           branched-chain amino acid transport
67                                                    negative regulation of necroptotic process
68                                                                             hormone transport
69                                                                  regulation of hormone levels
70                                         negative regulation of programmed necrotic cell death
71                                                              maintenance of synapse structure
72                                                                             peptide transport
73                                                         vesicle-mediated transport in synapse
74                                                                              T cell selection
75                                                                       RIG-I signaling pathway
76                                                                 regulation of mRNA processing
78                                                                     peptide hormone secretion
79                                                                    post-embryonic development
80                                                                                 odontogenesis
81                                                 photoreceptor cell outer segment organization
82                                                      cellular response to xenobiotic stimulus
83                                                                     protein dephosphorylation
84                                                     positive regulation of exosomal secretion
85                                     positive regulation of bicellular tight junction assembly
86                     adenylate cyclase-inhibiting G protein-coupled receptor signaling pathway
87                                                   hematopoietic or lymphoid organ development
88                                                                  lymphocyte apoptotic process
89                                                             regulation of necroptotic process
91                                                                             peptide secretion
92                                                  regulation of programmed necrotic cell death
93                                                                             proline transport
96                                                                         forebrain development
97                                                                  keratinocyte differentiation
98                                              regulation of bicellular tight junction assembly
100 somatic diversification of immune receptors via germline recombination within a single locus
101                                                               somatic cell DNA recombination
102                                          regulation of potassium ion transmembrane transport
103                                                    regulation of leukocyte apoptotic process
104                                                                            glycine transport
106                                                                necroptotic signaling pathway
107                                                                response to auditory stimulus
108                                                        regulation of potassium ion transport
109                                                                       neuron fate commitment
111                                                   olfactory bulb interneuron differentiation
112          adenylate cyclase-inhibiting G protein-coupled glutamate receptor signaling pathway
113                                                                            alanine transport
114                                                                            insulin secretion
116                                                            positive regulation of exocytosis
117                                                                            hormone secretion
118                                                                  response to light intensity
120                                                response to 2,3,7,8-tetrachlorodibenzodioxine
121                                                        regulation of RIG-I signaling pathway
122                                                     regulation of T cell tolerance induction
123                                        positive regulation of cation transmembrane transport
124                                                                            secretion by cell
125                                                                             action potential
127                                                                     diencephalon development
128                                                                           vascular transport
129                                                         transport across blood-brain barrier
130                                                  somatic diversification of immune receptors
131                          insulin secretion involved in cellular response to glucose stimulus
132                                                                   T cell tolerance induction
133                                                                   nervous system development
134                                                                     organic cation transport
135                                                                    telencephalon development
136                                positive regulation of monoatomic ion transmembrane transport
137                                                     regulation of microtubule polymerization
138                                                       modification of postsynaptic structure
139                                                   protein O-linked glycosylation via mannose
140                    adenylate cyclase-modulating G protein-coupled receptor signaling pathway
143                                                                   androgen metabolic process
144                                                            regulation of tolerance induction
145                                                                            dephosphorylation
147                             positive regulation of signal transduction by p53 class mediator
148                                                                   microtubule polymerization
149                                                           modification of synaptic structure
    genome_fraction observed_region_hits fold_enrichment      p_value
1      0.0011028426                   11       19.948450 1.961690e-11
2      0.0014402217                   11       15.275426 3.178494e-10
3      0.0007757718                    8       20.624623 8.562327e-09
4      0.0019936869                   11       11.034832 8.880198e-09
5      0.0020109536                   11       10.940083 9.688883e-09
6      0.0021160408                   11       10.396775 1.619050e-08
7      0.0021758605                   11       10.110942 2.142166e-08
8      0.0022463043                   11        9.793865 2.947314e-08
9      0.0022791912                   11        9.652547 3.407955e-08
10     0.1197548368                  102        1.703480 5.704396e-08
11     0.1188493090                  101        1.699631 7.533796e-08
12     0.1188493090                  101        1.699631 7.533796e-08
13     0.0309604902                   40        2.583938 7.761811e-08
14     0.1239023306                  104        1.678742 8.408984e-08
15     0.0232748594                   33        2.835678 1.440929e-07
16     0.0232748594                   33        2.835678 1.440929e-07
17     0.0022271426                   10        8.980116 2.745707e-07
18     0.0012488576                    8       12.811709 3.143435e-07
19     0.1740381330                  132        1.516909 3.330064e-07
20     0.0162619712                   26        3.197644 3.483845e-07
21     0.0057960412                   15        5.175947 3.817984e-07
22     0.0167362883                   26        3.107021 5.922459e-07
23     0.0052564433                   14        5.326796 6.654726e-07
24     0.0116095762                   21        3.617703 6.967545e-07
25     0.0014582513                    8       10.972046 9.918614e-07
26     0.0064740320                   15        4.633897 1.477615e-06
27     0.0057044380                   14        4.908459 1.709466e-06
28     0.0034204387                   11        6.431924 1.783323e-06
29     0.0103291836                   19        3.678897 1.847221e-06
30     0.0078098477                   16        4.097391 3.162586e-06
31     0.0044419651                   12        5.403014 3.591848e-06
32     0.0069796819                   15        4.298190 3.634389e-06
33     0.0062784913                   14        4.459670 5.055467e-06
34     0.0046284856                   12        5.185281 5.414408e-06
35     0.0047609739                   12        5.040985 7.161091e-06
36     0.0065001734                   14        4.307577 7.438455e-06
37     0.0049724364                   12        4.826608 1.097824e-05
38     0.0042772143                   11        5.143535 1.425609e-05
39     0.0120539515                   19        3.152493 1.586822e-05
40     0.0035562377                   10        5.623921 1.645610e-05
41     0.0035562377                   10        5.623921 1.645610e-05
42     0.0079586128                   15        3.769501 1.674771e-05
43     0.0028426205                    9        6.332185 1.739594e-05
44     0.0029891713                    9        6.021736 2.565323e-05
45     0.0126338101                   19        3.007802 2.978420e-05
46     0.0473416004                   45        1.901076 3.774772e-05
47     0.0086170835                   15        3.481456 4.103720e-05
48     0.0476136278                   45        1.890215 4.313062e-05
49     0.0086796568                   15        3.456358 4.447308e-05
50     0.0363245756                   37        2.037188 4.750440e-05
51     0.0109601929                   17        3.102135 5.327806e-05
52     0.0648989386                   56        1.725760 5.948772e-05
53     0.0285117827                   31        2.174540 6.191000e-05
54     0.0069355782                   13        3.748786 6.370194e-05
55     0.0008128956                    5       12.301703 6.488834e-05
56     0.0471947693                   44        1.864613 7.147056e-05
57     0.0135681157                   19        2.800684 7.564870e-05
58     0.0861733549                   69        1.601423 7.878413e-05
59     0.0862117845                   69        1.600709 7.983547e-05
60     0.0008571518                    5       11.666545 8.306699e-05
61     0.0062114293                   12        3.863845 9.134612e-05
62     0.0333357485                   34        2.039852 9.383533e-05
63     0.0063152142                   12        3.800346 1.064247e-04
64     0.0014532480                    6        8.257365 1.076022e-04
65     0.0436903567                   41        1.876844 1.102563e-04
66     0.0009439042                    5       10.594296 1.298367e-04
67     0.0021630613                    7        6.472309 1.303390e-04
68     0.0443553105                   41        1.848708 1.510369e-04
69     0.0641570936                   54        1.683368 1.512457e-04
70     0.0022291014                    7        6.280558 1.564257e-04
71     0.0038050298                    9        4.730581 1.577737e-04
72     0.0401685496                   38        1.892027 1.679047e-04
73     0.0374466508                   36        1.922735 1.839071e-04
74     0.0077813182                   13        3.341336 1.950181e-04
75     0.0031001702                    8        5.161007 2.035340e-04
76     0.0159057782                   20        2.514809 2.036031e-04
78     0.0366094732                   35        1.912073 2.497122e-04
79     0.0125275022                   17        2.714029 2.549101e-04
80     0.0187323491                   22        2.348878 2.551158e-04
81     0.0011015332                    5        9.078255 2.635351e-04
82     0.0163112626                   20        2.452293 2.803349e-04
83     0.0126602886                   17        2.685563 2.872526e-04
84     0.0011382454                    5        8.785451 3.058708e-04
85     0.0011442813                    5        8.739110 3.132964e-04
86     0.0165361098                   20        2.418949 3.329522e-04
87     0.0116511249                   16        2.746516 3.372797e-04
88     0.0105424025                   15        2.845651 3.562562e-04
89     0.0042578505                    9        4.227485 3.565455e-04
91     0.0374315663                   35        1.870079 3.728962e-04
92     0.0044350101                    9        4.058615 4.765317e-04
93     0.0012600849                    5        7.935973 4.839860e-04
96     0.0618079092                   50        1.617916 6.470534e-04
97     0.0136716487                   17        2.486898 6.731320e-04
98     0.0020786899                    6        5.772867 7.100027e-04
100    0.0067618393                   11        3.253553 7.342965e-04
101    0.0067618393                   11        3.253553 7.342965e-04
102    0.0113406643                   15        2.645348 7.450607e-04
103    0.0113808327                   15        2.636011 7.716677e-04
104    0.0014193888                    5        7.045286 8.227103e-04
106    0.0014549832                    5        6.872932 9.178264e-04
107    0.0048734383                    9        3.693491 9.207353e-04
108    0.0153697181                   18        2.342268 9.309597e-04
109    0.0154446400                   18        2.330906 9.824309e-04
111    0.0014917806                    5        6.703399 1.024512e-03
112    0.0023043142                    6        5.207623 1.199723e-03
113    0.0023090833                    6        5.196867 1.212298e-03
114    0.0326197823                   30        1.839375 1.237974e-03
116    0.0083950786                   12        2.858818 1.291761e-03
117    0.0434274311                   37        1.703992 1.362200e-03
118    0.0032630367                    7        4.290482 1.454287e-03
120    0.0016439344                    5        6.082968 1.565523e-03
121    0.0024455104                    6        4.906951 1.616703e-03
122    0.0016888009                    5        5.921361 1.758936e-03
123    0.0149958468                   17        2.267294 1.788758e-03
124    0.1003550074                   71        1.414977 1.939400e-03
125    0.0306806527                   28        1.825255 1.982151e-03
127    0.0113484780                   14        2.467291 2.085386e-03
128    0.0101158404                   13        2.570226 2.097266e-03
129    0.0101158404                   13        2.570226 2.097266e-03
130    0.0077736678                   11        2.830067 2.185134e-03
131    0.0126948504                   15        2.363163 2.211538e-03
132    0.0017816211                    5        5.612866 2.213850e-03
133    0.3402064885                  201        1.181635 2.274083e-03
134    0.0140360634                   16        2.279842 2.281274e-03
135    0.0463562043                   38        1.639478 2.286337e-03
136    0.0153659497                   17        2.212685 2.293754e-03
137    0.0078451086                   11        2.804295 2.342158e-03
138    0.0078606047                   11        2.798767 2.377396e-03
139    0.0026820462                    6        4.474196 2.551006e-03
140    0.0374003400                   32        1.711214 2.644172e-03
143    0.0027557829                    6        4.354479 2.911768e-03
144    0.0019164798                    5        5.217900 3.019712e-03
145    0.0200269568                   20        1.997308 3.172959e-03
147    0.0028294912                    6        4.241045 3.309214e-03
148    0.0120057423                   14        2.332217 3.427361e-03
149    0.0082580022                   11        2.664083 3.438269e-03
        p_adjust mean_tss_dist observed_gene_hits gene_set_size
1   3.748789e-08         42865                  1             6
2   3.037051e-07         42865                  1             9
3   3.703091e-06         74919                  2             8
4   3.703091e-06         42865                  1            10
5   3.703091e-06         42865                  1            17
6   5.156676e-06         42865                  1             8
7   5.848113e-06         42865                  1            13
8   7.040397e-06         42865                  1             8
9   7.236224e-06         42865                  1            15
10  1.090110e-05        114692                 64           721
11  1.140986e-05        115770                 63           713
12  1.140986e-05        115770                 63           713
13  1.140986e-05        128320                 18           201
14  1.147826e-05        114203                 66           750
15  1.721009e-05        147000                 14           147
16  1.721009e-05        147000                 14           147
17  3.086498e-05         68653                  2            15
18  3.328813e-05         74919                  2            11
19  3.328813e-05        128013                 86          1206
20  3.328813e-05        121812                  8            77
21  3.474365e-05        139557                  3            24
22  5.144463e-05        121812                  8            86
23  5.529209e-05        344841                  2            21
24  5.547907e-05        281070                  5            88
25  7.581789e-05         33180                  2            19
26  1.086047e-04        139557                  3            35
27  1.209922e-04        129828                  4            43
28  1.217118e-04         42865                  1            21
29  1.217255e-04        213435                  6            65
30  2.014567e-04        162984                  4            49
31  2.170412e-04         39412                  2            18
32  2.170412e-04        139557                  3            39
33  2.927575e-04        129828                  4            55
34  3.043216e-04         39412                  2            19
35  3.909956e-04         49600                  2            36
36  3.948580e-04         53450                  6            50
37  5.670114e-04         39412                  2            24
38  7.169312e-04         41664                  5            28
39  7.620210e-04        213435                  6            81
40  7.620210e-04         59656                  4            31
41  7.620210e-04         59656                  4            31
42  7.620210e-04        139557                  3            58
43  7.731081e-04        162158                  2            14
44  1.114166e-03        167507                  4            19
45  1.264836e-03        114336                  5            86
46  1.568172e-03        182964                 22           338
47  1.668555e-03        139557                  3            56
48  1.717138e-03        182964                 22           344
49  1.734450e-03        139557                  3            52
50  1.815618e-03         64946                 26           217
51  1.996360e-03        147230                  5            79
52  2.186174e-03        149541                 30           463
53  2.232264e-03        131821                 16           204
54  2.254341e-03         87913                  3            45
55  2.254575e-03         19601                  2             9
56  2.438933e-03        177315                 21           335
57  2.536222e-03        213435                  6           105
58  2.585857e-03        122762                 45           475
59  2.585857e-03        122762                 45           476
60  2.645684e-03        119095                  1             7
61  2.861679e-03         91933                  7            43
62  2.892247e-03         66042                 23           187
63  3.212936e-03         38311                  6            36
64  3.212936e-03         56164                  2             6
65  3.241536e-03        152827                 19           300
66  3.717579e-03         19601                  2            12
67  3.717579e-03        339394                  4            15
68  4.188849e-03        152124                 20           301
69  4.188849e-03        186191                 29           481
70  4.246557e-03        339394                  4            17
71  4.246557e-03         74930                  3            29
72  4.456471e-03        160473                 17           256
73  4.814336e-03        132075                 20           241
74  5.036212e-03         87913                  3            58
75  5.119546e-03        163374                  4            24
76  5.119546e-03        210372                  7           125
78  6.171219e-03        146130                 15           227
79  6.171219e-03        106126                  7            94
80  6.171219e-03        131494                  8           124
81  6.295194e-03        119095                  1            14
82  6.613827e-03        100911                 10           163
83  6.694387e-03        155322                  4            78
84  7.042398e-03         59018                  2            15
85  7.127492e-03        119095                  1             8
86  7.485549e-03         24315                 13            88
87  7.494669e-03        162984                  4           100
88  7.742711e-03        139557                  3            79
89  7.742711e-03        278689                  5            25
91  8.006793e-03        146130                 15           234
92  1.011836e-02        278689                  5            30
93  1.016371e-02         19601                  2            12
96  1.344042e-02        147356                 26           383
97  1.383178e-02        165016                  6           125
98  1.443420e-02        106444                  2            19
100 1.461709e-02         42865                  1            68
101 1.461709e-02         42865                  1            68
102 1.467846e-02         71469                  8            65
103 1.504752e-02        139557                  3            87
104 1.588080e-02          7823                  2            15
106 1.742104e-02        268061                  2             7
107 1.742104e-02        176484                  4            31
108 1.744180e-02         68312                 11            84
109 1.822743e-02        205012                  6            68
111 1.882541e-02         10288                  2            12
112 2.183497e-02         47125                  3             8
113 2.185568e-02         41830                  3            16
114 2.210999e-02        147542                 13           188
116 2.285699e-02         96006                  7            77
117 2.388224e-02        149082                 17           291
118 2.526494e-02         34589                  2            17
120 2.695239e-02         41985                  3             8
121 2.758499e-02        141905                  3            19
122 2.974625e-02        462346                  4            10
123 2.998523e-02         77430                 13           115
124 3.222777e-02        160061                 40           784
125 3.265423e-02         73001                 17           163
127 3.367963e-02        234423                  9            76
128 3.367963e-02         46654                  7            84
129 3.367963e-02         46654                  7            84
130 3.467760e-02         42865                  1            75
131 3.467760e-02        186245                  4            69
132 3.467760e-02        462346                  4            12
133 3.478860e-02        174182                136          2409
134 3.478860e-02         66932                 10           108
135 3.478860e-02        128148                 18           265
136 3.478860e-02         77430                 13           121
137 3.524303e-02        264098                  5            60
138 3.549377e-02         31752                  6            33
139 3.779049e-02        119801                  3            18
140 3.886933e-02         54012                 23           247
143 4.247625e-02        146246                  4            26
144 4.371720e-02        462346                  4            15
145 4.559040e-02        149800                  6           134
147 4.719334e-02         64416                  2            33
148 4.831273e-02        298615                  7           100
149 4.831273e-02         31752                  6            40
    fold_enrichment_hyper p_value_hyper p_adjust_hyper
1               4.6196013  1.978856e-01   4.238554e-01
2               3.0797342  2.816413e-01   5.140559e-01
3               6.9294020  3.149223e-02   1.527453e-01
4               2.7717608  3.075724e-01   5.362370e-01
5               1.6304475  4.647232e-01   6.607803e-01
6               3.4647010  2.547409e-01   4.853537e-01
7               2.1321237  3.798915e-01   6.004736e-01
8               3.4647010  2.547409e-01   4.853537e-01
9               1.8478405  4.238640e-01   6.297575e-01
10              2.4603702  2.319983e-11   1.953085e-08
11              2.4491014  4.088089e-11   1.953085e-08
12              2.4491014  4.088089e-11   1.953085e-08
13              2.4821738  3.682468e-04   1.005314e-02
14              2.4391495  1.608720e-11   1.953085e-08
15              2.6397722  8.818005e-04   1.719511e-02
16              2.6397722  8.818005e-04   1.719511e-02
17              3.6956811  1.001236e-01   2.980314e-01
18              5.0395651  5.760747e-02   2.197363e-01
19              1.9765458  7.082911e-10   2.707089e-07
20              2.8797515  6.473062e-03   6.311235e-02
21              3.4647010  5.390304e-02   2.097937e-01
22              2.5783821  1.233736e-02   9.662582e-02
23              2.6397722  1.743565e-01   3.955076e-01
24              1.5748641  2.117906e-01   4.397172e-01
25              2.9176429  1.486345e-01   3.641319e-01
26              2.3757950  1.310939e-01   3.479451e-01
27              2.5783821  6.846966e-02   2.380336e-01
28              1.3198861  5.379664e-01   7.104725e-01
29              2.5585484  2.945079e-02   1.483208e-01
30              2.2626619  9.970497e-02   2.980314e-01
31              3.0797342  1.360878e-01   3.507457e-01
32              2.1321237  1.653272e-01   3.862350e-01
33              2.0158260  1.363525e-01   3.507457e-01
34              2.9176429  1.486345e-01   3.641319e-01
35              1.5398671  3.747894e-01   5.989158e-01
36              3.3261130  8.879373e-03   7.853700e-02
37              2.3098007  2.140588e-01   4.425192e-01
38              4.9495729  2.966212e-03   3.856076e-02
39              2.0531561  7.215302e-02   2.423397e-01
40              3.5764655  2.438115e-02   1.312462e-01
41              3.5764655  2.438115e-02   1.312462e-01
42              1.4336694  3.488132e-01   5.751354e-01
43              3.9596583  8.882392e-02   2.738795e-01
44              5.8352859  4.219563e-03   4.892714e-02
45              1.6114888  1.989525e-01   4.238554e-01
46              1.8041047  5.735507e-03   5.738510e-02
47              1.4848719  3.289033e-01   5.562249e-01
48              1.7726377  7.005886e-03   6.694124e-02
49              1.5990928  2.891012e-01   5.210696e-01
50              3.3210037  8.215216e-08   1.427207e-05
51              1.7542790  1.563666e-01   3.751566e-01
52              1.7959573  1.489169e-03   2.659629e-02
53              2.1739300  3.027651e-03   3.883115e-02
54              1.8478405  2.207392e-01   4.492361e-01
55              6.1594684  3.953711e-02   1.759496e-01
56              1.7375217  1.028036e-02   8.541634e-02
57              1.5838633  1.788013e-01   4.015150e-01
58              2.6258787  3.454137e-09   1.006810e-06
59              2.6203621  3.687948e-09   1.006810e-06
60              3.9596583  2.268348e-01   4.542695e-01
61              4.5121687  7.994274e-04   1.618351e-02
62              3.4091176  2.857569e-07   4.200626e-05
63              4.6196013  1.663877e-03   2.721765e-02
64              9.2392027  1.769790e-02   1.174329e-01
65              1.7554485  1.284908e-02   9.821835e-02
66              4.6196013  6.751763e-02   2.380336e-01
67              7.3913621  1.666387e-03   2.721765e-02
68              1.8417015  6.592602e-03   6.362860e-02
69              1.6711240  4.971670e-03   5.220254e-02
70              6.5217901  2.743517e-03   3.694234e-02
71              2.8673388  8.541897e-02   2.670723e-01
72              1.8406224  1.174291e-02   9.428865e-02
73              2.3002164  4.818282e-04   1.211544e-02
74              1.4336694  3.488132e-01   5.751354e-01
75              4.6196013  1.003294e-02   8.474447e-02
76              1.5521860  1.659034e-01   3.866359e-01
78              1.8315600  1.796390e-02   1.187855e-01
79              2.0640772  5.332376e-02   2.097937e-01
80              1.7882328  7.990241e-02   2.567863e-01
81              1.9798291  4.022813e-01   6.164872e-01
82              1.7004667  7.127575e-02   2.423397e-01
83              1.4214158  3.102873e-01   5.371007e-01
84              3.6956811  1.001236e-01   2.980314e-01
85              3.4647010  2.547409e-01   4.853537e-01
86              4.0946466  1.542372e-05   9.824909e-04
87              1.1087043  4.891832e-01   6.740125e-01
88              1.0525674  5.465552e-01   7.159402e-01
89              5.5435216  1.752998e-03   2.771477e-02
91              1.7767697  2.290820e-02   1.312462e-01
92              4.6196013  4.053506e-03   4.781636e-02
93              4.6196013  6.751763e-02   2.380336e-01
96              1.8816131  1.580354e-03   2.720772e-02
97              1.3304452  2.968185e-01   5.266669e-01
98              2.9176429  1.486345e-01   3.641319e-01
100             0.4076119  9.182253e-01   9.626196e-01
101             0.4076119  9.182253e-01   9.626196e-01
102             3.4113979  2.260159e-03   3.307191e-02
103             0.9557796  6.122737e-01   7.603565e-01
104             3.6956811  1.001236e-01   2.980314e-01
106             7.9193166  2.419027e-02   1.312462e-01
107             3.5764655  2.438115e-02   1.312462e-01
108             3.6296868  2.094020e-04   7.550324e-03
109             2.4456713  3.569811e-02   1.659832e-01
111             4.6196013  6.751763e-02   2.380336e-01
112            10.3941030  2.284402e-03   3.307191e-02
113             5.1970515  1.842626e-02   1.189615e-01
114             1.9166431  1.899046e-02   1.202519e-01
116             2.5197825  2.094355e-02   1.250723e-01
117             1.6192417  3.538395e-02   1.657322e-01
118             3.2608951  1.237957e-01   3.319312e-01
120            10.3941030  2.284402e-03   3.307191e-02
121             4.3764644  2.944099e-02   1.483208e-01
122            11.0870432  2.960909e-04   9.358139e-03
123             3.1332948  2.582576e-04   8.795305e-03
124             1.4141637  1.737534e-02   1.156944e-01
125             2.8907935  8.558578e-05   3.479882e-03
127             3.2823483  1.612568e-03   2.721765e-02
128             2.3098007  3.189701e-02   1.535395e-01
129             2.3098007  3.189701e-02   1.535395e-01
130             0.3695681  9.368424e-01   9.719359e-01
131             1.6068179  2.378657e-01   4.664188e-01
132             9.2392027  6.587767e-04   1.507246e-02
133             1.5647965  3.227138e-08   6.852290e-06
134             2.5664452  5.643250e-03   5.675921e-02
135             1.8827054  7.777205e-03   7.232424e-02
136             2.9779248  4.261064e-04   1.115465e-02
137             2.3098007  6.483503e-02   2.345710e-01
138             5.0395651  1.036841e-03   1.961786e-02
139             4.6196013  2.545866e-02   1.355195e-01
140             2.5809918  3.242763e-05   1.732284e-03
143             4.2642474  1.333795e-02   9.973984e-02
144             7.3913621  1.666387e-03   2.721765e-02
145             1.2410869  3.543181e-01   5.807049e-01
147             1.6798550  3.352656e-01   5.620109e-01
148             1.9402326  6.967724e-02   2.386258e-01
149             4.1576412  2.903018e-03   3.852547e-02
4view_factor6_opalin - positive - input peaks: 500 
4view_factor6_opalin - positive - significant terms: 1 
4view_factor6_opalin - negative - input peaks: 500 
4view_factor6_opalin - negative - significant terms: 7 
          id
1 GO:0002536
2 GO:0060264
3 GO:0002679
6 GO:0070192
7 GO:0045736
8 GO:0042428
9 GO:1904030
                                                                       description
1                              respiratory burst involved in inflammatory response
2                regulation of respiratory burst involved in inflammatory response
3                                   respiratory burst involved in defense response
6                           chromosome organization involved in meiotic cell cycle
7 negative regulation of cyclin-dependent protein serine/threonine kinase activity
8                                                      serotonin metabolic process
9                  negative regulation of cyclin-dependent protein kinase activity
  genome_fraction observed_region_hits fold_enrichment      p_value    p_adjust
1    0.0006952953                    6       17.258854 1.773893e-06 0.003730498
2    0.0006538834                    5       15.293247 2.332086e-05 0.020190957
3    0.0011415476                    6       10.512045 2.880308e-05 0.020190957
6    0.0027145446                    8        5.894175 8.303520e-05 0.043655757
7    0.0009208016                    5       10.860102 1.157932e-04 0.045706738
8    0.0021632398                    7        6.471774 1.304044e-04 0.045706738
9    0.0009830460                    5       10.172464 1.565641e-04 0.047036326
  mean_tss_dist observed_gene_hits gene_set_size fold_enrichment_hyper
1        198405                  3            10              6.810606
2        238033                  2             8              5.675505
3        198405                  3            17              4.006239
6         38733                  8            60              3.026936
7         90280                  3             9              7.567340
8        276891                  4            13              6.985237
9         90280                  3            10              6.810606
  p_value_hyper p_adjust_hyper
1   0.008097651     0.06117685
2   0.045474424     0.16126933
3   0.036502162     0.14172804
6   0.004609002     0.04615470
7   0.005858578     0.05192496
8   0.001941845     0.02796977
9   0.008097651     0.06117685
4view_factor6_plekhg1 - positive - input peaks: 500 
4view_factor6_plekhg1 - positive - significant terms: 11 
4view_factor6_plekhg1 - negative - input peaks: 500 
4view_factor6_plekhg1 - negative - significant terms: 0 
 [1] id                    description           genome_fraction      
 [4] observed_region_hits  fold_enrichment       p_value              
 [7] p_adjust              mean_tss_dist         observed_gene_hits   
[10] gene_set_size         fold_enrichment_hyper p_value_hyper        
[13] p_adjust_hyper       
<0 rows> (or 0-length row.names)
4view_factor6_opc - positive - input peaks: 500 
4view_factor6_opc - positive - significant terms: 127 
4view_factor6_opc - negative - input peaks: 500 
4view_factor6_opc - negative - significant terms: 2 
          id                                              description
1 GO:0002155 regulation of thyroid hormone receptor signaling pathway
2 GO:0002154               thyroid hormone receptor signaling pathway
  genome_fraction observed_region_hits fold_enrichment      p_value   p_adjust
1     0.001160296                    6        10.34219 3.151175e-05 0.03519419
2     0.001171148                    6        10.24635 3.317078e-05 0.03519419
  mean_tss_dist observed_gene_hits gene_set_size fold_enrichment_hyper
1         69691                  3             6             11.630013
2         69691                  3             7              9.968583
  p_value_hyper p_adjust_hyper
1   0.001435943     0.01940810
2   0.002432704     0.02756651

=== Factor 7 ===
4view_factor7_bulk - positive - input peaks: 500 
4view_factor7_bulk - positive - significant terms: 0 
4view_factor7_bulk - negative - input peaks: 500 
4view_factor7_bulk - negative - significant terms: 14 
           id
1  GO:0050667
2  GO:0097187
3  GO:0140052
4  GO:1901653
5  GO:0046653
6  GO:0000096
7  GO:0006685
8  GO:0006760
9  GO:0098696
10 GO:0040014
11 GO:0003413
12 GO:1900451
13 GO:1903543
14 GO:1900125
                                                                                    description
1                                                                homocysteine metabolic process
2                                                                                dentinogenesis
3                       cellular response to oxidised low-density lipoprotein particle stimulus
4                                                                  cellular response to peptide
5                                                            tetrahydrofolate metabolic process
6                                                           sulfur amino acid metabolic process
7                                                               sphingomyelin catabolic process
8                                              folic acid-containing compound metabolic process
9  regulation of neurotransmitter receptor localization to postsynaptic specialization membrane
10                                                  regulation of multicellular organism growth
11                      chondrocyte differentiation involved in endochondral bone morphogenesis
12                                  positive regulation of glutamate receptor signaling pathway
13                                                    positive regulation of exosomal secretion
14                                                regulation of hyaluronan biosynthetic process
   genome_fraction observed_region_hits fold_enrichment      p_value   p_adjust
1     0.0011053939                    6       10.855858 2.410810e-05 0.03212125
2     0.0007889294                    5       12.675406 5.642064e-05 0.03212125
3     0.0013321289                    6        9.008137 6.715378e-05 0.03212125
4     0.0008192934                    5       12.205639 6.730614e-05 0.03212125
5     0.0020422545                    7        6.855169 9.176601e-05 0.03212125
6     0.0020628851                    7        6.786612 9.759444e-05 0.03212125
7     0.0009136750                    5       10.944811 1.117055e-04 0.03212125
8     0.0028788217                    8        5.557829 1.237813e-04 0.03212125
9     0.0022105821                    7        6.333174 1.487183e-04 0.03430436
10    0.0088286986                   14        3.171475 1.905421e-04 0.03955654
11    0.0031633041                    8        5.058002 2.327483e-04 0.04392596
12    0.0011213265                    5        8.918010 2.857658e-04 0.04751014
13    0.0011382454                    5        8.785451 3.058708e-04 0.04751014
14    0.0011499518                    5        8.696017 3.203959e-04 0.04751014
   mean_tss_dist observed_gene_hits gene_set_size fold_enrichment_hyper
1          45936                  3            15              4.455541
2          76194                  1             7              3.182529
3          63588                  2            12              3.712951
4          76194                  1             8              2.784713
5          81835                  4            18              4.950601
6          42831                  4            32              2.784713
7          76194                  1             6              3.712951
8          71606                  5            24              4.641188
9          84392                  2            18              2.475300
10        137338                  7            62              2.515225
11        162244                  3            15              4.455541
12         41616                  3             8              8.354139
13         76194                  1            15              1.485180
14         76194                  1             8              2.784713
   p_value_hyper p_adjust_hyper
1    0.027369810     0.16187956
2    0.274972234     0.51894760
3    0.098619874     0.31901492
4    0.307530888     0.54229044
5    0.007446844     0.08624670
6    0.053501657     0.23475903
7    0.240884869     0.48692988
8    0.003751006     0.06376659
9    0.192347535     0.43498201
10   0.020624872     0.13992560
11   0.027369810     0.16187956
12   0.004257782     0.06645982
13   0.498019917     0.67256582
14   0.307530888     0.54229044
4view_factor7_opalin - positive - input peaks: 500 
4view_factor7_opalin - positive - significant terms: 0 
4view_factor7_opalin - negative - input peaks: 500 
4view_factor7_opalin - negative - significant terms: 0 
 [1] id                    description           genome_fraction      
 [4] observed_region_hits  fold_enrichment       p_value              
 [7] p_adjust              mean_tss_dist         observed_gene_hits   
[10] gene_set_size         fold_enrichment_hyper p_value_hyper        
[13] p_adjust_hyper       
<0 rows> (or 0-length row.names)
4view_factor7_plekhg1 - positive - input peaks: 500 
4view_factor7_plekhg1 - positive - significant terms: 0 
4view_factor7_plekhg1 - negative - input peaks: 500 
4view_factor7_plekhg1 - negative - significant terms: 0 
 [1] id                    description           genome_fraction      
 [4] observed_region_hits  fold_enrichment       p_value              
 [7] p_adjust              mean_tss_dist         observed_gene_hits   
[10] gene_set_size         fold_enrichment_hyper p_value_hyper        
[13] p_adjust_hyper       
<0 rows> (or 0-length row.names)
4view_factor7_opc - positive - input peaks: 500 
4view_factor7_opc - positive - significant terms: 116 
4view_factor7_opc - negative - input peaks: 500 
4view_factor7_opc - negative - significant terms: 0 
 [1] id                    description           genome_fraction      
 [4] observed_region_hits  fold_enrichment       p_value              
 [7] p_adjust              mean_tss_dist         observed_gene_hits   
[10] gene_set_size         fold_enrichment_hyper p_value_hyper        
[13] p_adjust_hyper       
<0 rows> (or 0-length row.names)

4-view rGREAT complete
Results saved to: /scratch/prj/bcn_marzi_lab/analysis_cutandtag_pd_sc/student_data_package/jd_analysis_sc/saved_objects/new_sc_mofa_clean_14042026/rgreat_results_4view 
